eps,n_clusters,has_nan,silhouette_score,n_nans,perc_nan
0.2,14,True,0.18678455825175877,1593,28.22966507177033
0.201,14,True,0.1880738148205922,1584,28.07017543859649
0.202,14,True,0.18840731078923786,1581,28.017012227538547
0.203,14,True,0.1898886291563955,1568,27.786638312954103
0.20400000000000001,14,True,0.19030171896366407,1564,27.715754031543504
0.20500000000000002,14,True,0.1904904844466508,1563,27.698032961190854
0.20600000000000002,14,True,0.19058003171639373,1562,27.680311890838205
0.20700000000000002,14,True,0.1914787941509907,1555,27.556264398369663
0.20800000000000002,15,True,0.1861592531333923,1521,26.953748006379584
0.20900000000000002,15,True,0.1891330885934449,1503,26.6347687400319
0.21000000000000002,15,True,0.18981730054217436,1498,26.546163388268653
0.21100000000000002,15,True,0.19099464588853923,1492,26.439836966152757
0.21200000000000002,15,True,0.19204652290176133,1485,26.31578947368421
0.21300000000000002,15,True,0.1934828026706089,1476,26.156299840510368
0.21400000000000002,15,True,0.19426386022602193,1469,26.032252348041823
0.21500000000000002,15,True,0.19469218574992644,1465,25.961368066631223
0.21600000000000003,15,True,0.19557088205725937,1459,25.85504164451533
0.21700000000000003,15,True,0.1978196394757202,1443,25.57150451887294
0.21800000000000003,15,True,0.19831818907175786,1439,25.50062023746234
0.21900000000000003,16,True,0.20226319789168923,1396,24.738614212298423
0.22000000000000003,16,True,0.20246048233117245,1395,24.720893141945773
0.22100000000000003,16,True,0.20282450988738474,1391,24.650008860535177
0.22200000000000003,16,True,0.20355298373358663,1382,24.490519227361332
0.22300000000000003,16,True,0.20427479196821693,1374,24.348750664540137
0.22400000000000003,16,True,0.2048333195893736,1368,24.242424242424242
0.22500000000000003,16,True,0.20524089970986223,1365,24.189261031366293
0.22600000000000003,17,True,0.20876357191693767,1327,23.51586035796562
0.22700000000000004,17,True,0.20943134758900067,1318,23.356370724791777
0.22800000000000004,17,True,0.21026327311030482,1313,23.26776537302853
0.22900000000000004,16,True,0.21022919433521967,1302,23.07283359914939
0.23000000000000004,16,True,0.21033962514230417,1301,23.05511252879674
0.23100000000000004,16,True,0.21082053487248814,1297,22.98422824738614
0.23200000000000004,17,True,0.21229008795817228,1256,22.25766436292752
0.23300000000000004,17,True,0.21561566329601756,1239,21.95640616693248
0.23400000000000004,18,True,0.19820217548063657,1199,21.24756335282651
0.23500000000000004,18,True,0.19852229256932644,1196,21.19440014176856
0.23600000000000004,18,True,0.200648751149717,1182,20.946305156831475
0.23700000000000004,18,True,0.20103265560078756,1179,20.893141945773525
0.23800000000000004,18,True,0.20195660100997265,1169,20.71593124224703
0.23900000000000005,18,True,0.20403867538786066,1162,20.591883749778486
0.24000000000000005,17,True,0.205077438982609,1160,20.55644160907319
0.24100000000000005,18,True,0.2093108116371454,1126,19.953925217083114
0.24200000000000005,18,True,0.21000891674863453,1121,19.865319865319865
0.24300000000000005,18,True,0.21028633111782954,1118,19.812156654261916
0.24400000000000005,18,True,0.2110223991765434,1111,19.68810916179337
0.24500000000000005,18,True,0.21459575577554865,1092,19.351408825093035
0.24600000000000005,18,True,0.21459575577554865,1092,19.351408825093035
0.24700000000000005,18,True,0.21788189044155187,1078,19.103313840155945
0.24800000000000005,18,True,0.21863569916951944,1073,19.0147084883927
0.24900000000000005,17,True,0.1593510409015837,1070,18.96154527733475
0.25000000000000006,17,True,0.16019004199420486,1056,18.71345029239766
0.25100000000000006,17,True,0.16203373759037573,1034,18.323586744639375
0.25200000000000006,17,True,0.16289830555275847,1022,18.110933900407584
0.25300000000000006,17,True,0.16545586127925566,1010,17.898281056175794
0.25400000000000006,17,True,0.16618381347921776,999,17.703349282296653
0.25500000000000006,17,True,0.1668954819087912,990,17.543859649122805
0.25600000000000006,17,True,0.1692304102755477,968,17.15399610136452
0.25700000000000006,17,True,0.17025790621627024,956,16.941343257132733
0.25800000000000006,17,True,0.17145964004846156,947,16.781853623958888
0.25900000000000006,17,True,0.17325805241857606,927,16.427432216905903
0.26000000000000006,17,True,0.1740469063012005,919,16.285663654084708
0.26100000000000007,17,True,0.1762614688593423,900,15.94896331738437
0.26200000000000007,16,True,0.1663223411567476,893,15.824915824915825
0.26300000000000007,16,True,0.16675877424963972,889,15.754031543505228
0.26400000000000007,16,True,0.1702538951802913,873,15.47049441786284
0.26500000000000007,16,True,0.17092232372285082,869,15.39961013645224
0.26600000000000007,16,True,0.17369611039167343,851,15.080630870104555
0.26700000000000007,16,True,0.17405617534498644,843,14.93886230728336
0.26800000000000007,16,True,0.175135386386892,835,14.797093744462163
0.2690000000000001,16,True,0.1762974293152616,826,14.637604111288322
0.2700000000000001,16,True,0.17675135417503252,822,14.566719829877725
0.2710000000000001,16,True,0.17702043677474466,817,14.47811447811448
0.2720000000000001,16,True,0.17750903259694506,812,14.389509126351232
0.2730000000000001,16,True,0.17774966164955996,808,14.318624844940633
0.2740000000000001,16,True,0.17800694842913853,804,14.247740563530037
0.2750000000000001,16,True,0.17811463973011388,803,14.230019493177387
0.2760000000000001,17,True,0.18665912857605568,765,13.556618819776714
0.2770000000000001,17,True,0.1866201268580414,764,13.538897749424065
0.2780000000000001,17,True,0.18795829824376545,759,13.450292397660817
0.2790000000000001,17,True,0.18792881567675762,757,13.414850256955521
0.2800000000000001,17,True,0.18846390387968062,755,13.379408116250222
0.2810000000000001,17,True,0.1892329395238832,751,13.308523834839626
0.2820000000000001,17,True,0.18961056148782676,746,13.219918483076379
0.2830000000000001,16,True,0.1840377057449868,742,13.14903420166578
0.2840000000000001,16,True,0.1843321286399651,740,13.113592060960483
0.2850000000000001,16,True,0.18449832554151196,739,13.095870990607834
0.2860000000000001,16,True,0.18480067201132916,735,13.024986709197236
0.2870000000000001,16,True,0.18584729066515235,728,12.900939216728691
0.2880000000000001,16,True,0.18677600976385209,723,12.812333864965444
0.2890000000000001,16,True,0.18677600976385209,723,12.812333864965444
0.2900000000000001,16,True,0.1882804200842773,717,12.706007442849549
0.2910000000000001,16,True,0.18879194442087163,714,12.6528442317916
0.2920000000000001,16,True,0.18896372884431833,713,12.635123161438951
0.2930000000000001,16,True,0.19134341997614523,707,12.528796739323056
0.2940000000000001,15,True,0.21870262206339516,705,12.493354598617756
0.2950000000000001,15,True,0.21873934854052254,704,12.475633528265107
0.2960000000000001,15,True,0.21902675629818422,702,12.440191387559809
0.2970000000000001,15,True,0.21948570440441978,698,12.369307106149211
0.2980000000000001,15,True,0.21960177644259288,695,12.316143895091264
0.2990000000000001,15,True,0.2202001170980168,691,12.245259613680666
0.3000000000000001,15,True,0.22078295119462685,686,12.156654261917419
0.3010000000000001,13,True,0.19822388620969664,684,12.121212121212121
0.3020000000000001,13,True,0.19815716122573712,683,12.103491050859471
0.3030000000000001,13,True,0.19843346622661717,679,12.032606769448876
0.3040000000000001,13,True,0.19854437578433837,677,11.997164628743576
0.3050000000000001,13,True,0.19890471432951884,674,11.944001417685628
0.3060000000000001,13,True,0.19890297405418644,671,11.890838206627679
0.3070000000000001,13,True,0.19893441969679546,669,11.855396065922381
0.3080000000000001,13,True,0.1989978185210139,666,11.802232854864434
0.3090000000000001,13,True,0.19900249526047648,661,11.713627503101186
0.3100000000000001,13,True,0.1992034600021582,659,11.678185362395888
0.3110000000000001,13,True,0.19913167190964828,658,11.660464292043239
0.3120000000000001,12,True,0.20884151470854778,655,11.607301080985291
0.3130000000000001,12,True,0.2090812121871074,652,11.554137869927343
0.3140000000000001,12,True,0.20937470961307236,647,11.465532518164096
0.3150000000000001,12,True,0.2093505768441485,645,11.430090377458798
0.3160000000000001,12,True,0.2095918311527463,637,11.288321814637605
0.3170000000000001,12,True,0.20978734715145497,630,11.164274322169058
0.3180000000000001,12,True,0.2098802108272505,629,11.14655325181641
0.3190000000000001,12,True,0.21166401649344727,607,10.756689704058125
0.3200000000000001,12,True,0.2117879676111604,605,10.721247563352826
0.3210000000000001,12,True,0.21227766893989944,601,10.65036328194223
0.3220000000000001,12,True,0.2126629513131812,598,10.59720007088428
0.3230000000000001,12,True,0.21285771107385698,595,10.544036859826333
0.3240000000000001,12,True,0.21261953388094368,593,10.508594719121035
0.3250000000000001,12,True,0.21304042552179203,580,10.278220804536595
0.3260000000000001,12,True,0.21299758296220264,577,10.225057593478647
0.3270000000000001,12,True,0.21348052841058854,570,10.1010101010101
0.3280000000000001,12,True,0.21385457404483071,565,10.012404749246855
0.3290000000000001,12,True,0.21412279677296786,563,9.976962608541557
0.3300000000000001,12,True,0.2140113586208353,562,9.959241538188907
0.3310000000000001,12,True,0.2140113586208353,562,9.959241538188907
0.33200000000000013,11,True,0.23813488493729137,557,9.87063618642566
0.33300000000000013,11,True,0.2382865298782251,556,9.85291511607301
0.33400000000000013,9,True,0.21717058756858598,521,9.232677653730285
0.33500000000000013,9,True,0.21728344305796932,513,9.090909090909092
0.33600000000000013,9,True,0.21769427873890246,509,9.020024809498493
0.33700000000000013,9,True,0.2192749005535829,507,8.984582668793195
0.33800000000000013,9,True,0.2191106655191423,498,8.825093035619352
0.33900000000000013,9,True,0.21918764693163184,494,8.754208754208754
0.34000000000000014,8,True,0.2214700178928356,492,8.718766613503455
0.34100000000000014,8,True,0.22215240620273727,489,8.665603402445509
0.34200000000000014,7,True,0.27957787137971873,483,8.559276980329612
0.34300000000000014,8,True,0.2603076640662601,446,7.903597377281588
0.34400000000000014,8,True,0.2610392387509665,437,7.744107744107744
0.34500000000000014,8,True,0.2613115712056375,432,7.655502392344498
0.34600000000000014,8,True,0.26242581898752393,425,7.5314548998759525
0.34700000000000014,8,True,0.2625210987827631,424,7.513733829523303
0.34800000000000014,8,True,0.2628605062549659,421,7.460570618465355
0.34900000000000014,8,True,0.26310778179937694,417,7.3896863370547585
0.35000000000000014,8,True,0.26386694372877784,413,7.318802055644161
0.35100000000000015,8,True,0.26391992051897695,406,7.194754563175616
0.35200000000000015,8,True,0.2636431180871458,398,7.052986000354422
0.35300000000000015,8,True,0.26363067962090664,396,7.017543859649122
0.35400000000000015,8,True,0.2637506697438831,395,6.999822789296474
0.35500000000000015,8,True,0.2638498934035581,393,6.964380648591175
0.35600000000000015,8,True,0.26389032875981133,392,6.946659578238526
0.35700000000000015,8,True,0.2652250989377902,384,6.804891015417332
0.35800000000000015,8,True,0.26521540357202766,383,6.787169945064682
0.35900000000000015,8,True,0.2658917425749649,379,6.716285663654084
0.36000000000000015,8,True,0.26589889007072515,378,6.698564593301436
0.36100000000000015,8,True,0.26589889007072515,378,6.698564593301436
0.36200000000000015,8,True,0.26915679712508306,368,6.521353889774942
0.36300000000000016,8,True,0.2699644610570149,357,6.3264221158958
0.36400000000000016,8,True,0.2700014612162789,354,6.273258904837853
0.36500000000000016,8,True,0.27016401580135974,349,6.184653553074606
0.36600000000000016,8,True,0.2702419117966245,346,6.131490342016658
0.36700000000000016,8,True,0.27016832504498056,344,6.096048201311359
0.36800000000000016,8,True,0.27050562136547746,342,6.0606060606060606
0.36900000000000016,8,True,0.2708884708482606,338,5.989721779195464
0.37000000000000016,8,True,0.2709883793575735,332,5.883395357079568
0.37100000000000016,8,True,0.2710086191122461,331,5.865674286726918
0.37200000000000016,8,True,0.271016948120957,330,5.847953216374268
0.37300000000000016,8,True,0.27105914860007835,329,5.830232146021619
0.37400000000000017,8,True,0.2710627654929294,327,5.7947900053163215
0.37500000000000017,8,True,0.2707838583748557,324,5.741626794258373
0.37600000000000017,8,True,0.271709319545023,319,5.653021442495127
0.37700000000000017,8,True,0.27204045723031256,315,5.582137161084529
0.37800000000000017,8,True,0.27204045723031256,315,5.582137161084529
0.37900000000000017,8,True,0.27204045723031256,315,5.582137161084529
0.38000000000000017,8,True,0.27220748886207097,312,5.5289739500265815
0.38100000000000017,8,True,0.272293507115327,311,5.511252879673932
0.3820000000000002,8,True,0.27254139669456334,310,5.493531809321283
0.3830000000000002,8,True,0.2726272785463641,309,5.475810738968634
0.3840000000000002,8,True,0.2727726244721358,307,5.440368598263335
0.3850000000000002,8,True,0.2729281943987355,306,5.422647527910686
0.3860000000000002,8,True,0.2731418284024424,304,5.387205387205387
0.3870000000000002,8,True,0.2733835718299418,303,5.369484316852738
0.3880000000000002,8,True,0.27367046836827635,302,5.351763246500089
0.3890000000000002,8,True,0.2738108390130855,298,5.280878965089491
0.3900000000000002,8,True,0.273803185135482,296,5.245436824384193
0.3910000000000002,8,True,0.273803185135482,296,5.245436824384193
0.3920000000000002,8,True,0.273746477635438,295,5.227715754031544
0.3930000000000002,8,True,0.27375671001695073,294,5.209994683678895
0.3940000000000002,8,True,0.27408408196884704,291,5.156831472620946
0.3950000000000002,7,True,0.24100630380478708,290,5.139110402268297
0.3960000000000002,7,True,0.24150663777644277,284,5.032783980152401
0.3970000000000002,7,True,0.24150663777644277,284,5.032783980152401
0.3980000000000002,7,True,0.24150663777644277,284,5.032783980152401
0.3990000000000002,7,True,0.24154873961026352,283,5.015062909799752
0.4000000000000002,7,True,0.24154873961026352,283,5.015062909799752
0.4010000000000002,7,True,0.24176804229149956,282,4.9973418394471025
0.4020000000000002,7,True,0.24176804229149956,282,4.9973418394471025
0.4030000000000002,7,True,0.24176804229149956,282,4.9973418394471025
0.4040000000000002,7,True,0.24176804229149956,282,4.9973418394471025
0.4050000000000002,7,True,0.2421891746616633,278,4.926457558036505
0.4060000000000002,7,True,0.24242780236114567,273,4.837852206273259
0.4070000000000002,7,True,0.24242780236114567,273,4.837852206273259
0.4080000000000002,7,True,0.2426294661872975,270,4.784688995215311
0.4090000000000002,7,True,0.2426294661872975,270,4.784688995215311
0.4100000000000002,7,True,0.2427339956681674,269,4.766967924862662
0.4110000000000002,7,True,0.24280007084063698,268,4.749246854510012
0.4120000000000002,7,True,0.2429199793917828,267,4.731525784157363
0.4130000000000002,7,True,0.24308356552273996,266,4.713804713804714
0.4140000000000002,7,True,0.24319920179153698,263,4.660641502746766
0.4150000000000002,7,True,0.24319920179153698,263,4.660641502746766
0.4160000000000002,7,True,0.2431908638689026,262,4.642920432394117
0.4170000000000002,7,True,0.2431908638689026,262,4.642920432394117
0.4180000000000002,7,True,0.24355973309853807,258,4.57203615098352
0.4190000000000002,7,True,0.24355973309853807,258,4.57203615098352
0.4200000000000002,6,True,0.25951394422129404,253,4.483430799220272
0.4210000000000002,6,True,0.2597444039686845,248,4.394825447457026
0.4220000000000002,6,True,0.2597444039686845,248,4.394825447457026
0.4230000000000002,6,True,0.2597701177787497,246,4.359383306751727
0.4240000000000002,6,True,0.2597701177787497,246,4.359383306751727
0.4250000000000002,6,True,0.25986894214298684,245,4.3416622363990784
0.4260000000000002,6,True,0.25986894214298684,245,4.3416622363990784
0.4270000000000002,6,True,0.25986894214298684,245,4.3416622363990784
0.4280000000000002,6,True,0.2600230416810297,242,4.28849902534113
0.4290000000000002,6,True,0.26005417197640307,241,4.270777954988481
0.4300000000000002,6,True,0.2601466656398345,240,4.253056884635832
0.4310000000000002,6,True,0.2602619813424802,236,4.182172603225235
0.4320000000000002,6,True,0.2602619813424802,236,4.182172603225235
0.4330000000000002,6,True,0.26039198905727573,234,4.146730462519936
0.4340000000000002,6,True,0.26039198905727573,234,4.146730462519936
0.4350000000000002,6,True,0.260429071765076,232,4.111288321814638
0.4360000000000002,6,True,0.26047245442421463,231,4.093567251461988
0.4370000000000002,6,True,0.26047245442421463,231,4.093567251461988
0.4380000000000002,6,True,0.2605523674029343,230,4.075846181109339
0.4390000000000002,6,True,0.26079085202888036,229,4.05812511075669
0.4400000000000002,6,True,0.2609470310165995,227,4.022682970051391
0.4410000000000002,6,True,0.2609470310165995,227,4.022682970051391
0.4420000000000002,6,True,0.2610317773847472,226,4.004961899698742
0.4430000000000002,6,True,0.2609584871222999,225,3.9872408293460926
0.44400000000000023,6,True,0.2609584871222999,225,3.9872408293460926
0.44500000000000023,6,True,0.2610989609386789,223,3.951798688640794
0.44600000000000023,6,True,0.2610989609386789,223,3.951798688640794
0.44700000000000023,6,True,0.2610989609386789,223,3.951798688640794
0.44800000000000023,6,True,0.2610989609386789,223,3.951798688640794
0.44900000000000023,6,True,0.2610989609386789,223,3.951798688640794
0.45000000000000023,6,True,0.2611399724215589,222,3.9340776182881445
0.45100000000000023,6,True,0.2611399724215589,222,3.9340776182881445
0.45200000000000023,6,True,0.26117498203256967,221,3.9163565479354956
0.45300000000000024,6,True,0.26117498203256967,221,3.9163565479354956
0.45400000000000024,6,True,0.2611353002716994,220,3.898635477582846
0.45500000000000024,6,True,0.26124431596579445,218,3.8631933368775475
0.45600000000000024,6,True,0.26137366350449714,216,3.827751196172249
0.45700000000000024,6,True,0.2614879780247949,215,3.8100301258195994
0.45800000000000024,6,True,0.26152844194734454,214,3.7923090554669505
0.45900000000000024,6,True,0.2615678183167113,213,3.7745879851143007
0.46000000000000024,6,True,0.2615620453955629,212,3.7568669147616514
0.46100000000000024,6,True,0.2615577811102558,211,3.7391458444090024
0.46200000000000024,6,True,0.26164825446611073,210,3.721424774056353
0.46300000000000024,6,True,0.26164825446611073,210,3.721424774056353
0.46400000000000025,6,True,0.26164825446611073,210,3.721424774056353
0.46500000000000025,6,True,0.2617209551804378,208,3.6859826333510544
0.46600000000000025,6,True,0.2617209551804378,208,3.6859826333510544
0.46700000000000025,6,True,0.2618399684722239,205,3.6328194222931063
0.46800000000000025,6,True,0.2618399684722239,205,3.6328194222931063
0.46900000000000025,6,True,0.2618402722876776,204,3.6150983519404574
0.47000000000000025,6,True,0.2618402722876776,204,3.6150983519404574
0.47100000000000025,6,True,0.2618402722876776,204,3.6150983519404574
0.47200000000000025,6,True,0.2618545209803627,203,3.597377281587808
0.47300000000000025,6,True,0.2618545209803627,203,3.597377281587808
0.47400000000000025,6,True,0.26203805622472326,201,3.5619351408825093
0.47500000000000026,6,True,0.2620756706473425,199,3.526493000177211
0.47600000000000026,6,True,0.2620756706473425,199,3.526493000177211
0.47700000000000026,6,True,0.2620756706473425,199,3.526493000177211
0.47800000000000026,6,True,0.26213757957707856,197,3.4910508594719123
0.47900000000000026,6,True,0.26213757957707856,197,3.4910508594719123
0.48000000000000026,6,True,0.26218261295169837,196,3.473329789119263
0.48100000000000026,6,True,0.26218261295169837,196,3.473329789119263
0.48200000000000026,6,True,0.26218261295169837,196,3.473329789119263
0.48300000000000026,6,True,0.26218261295169837,196,3.473329789119263
0.48400000000000026,6,True,0.26218261295169837,196,3.473329789119263
0.48500000000000026,6,True,0.26218261295169837,196,3.473329789119263
0.48600000000000027,6,True,0.26218261295169837,196,3.473329789119263
0.48700000000000027,6,True,0.2619884355496558,195,3.455608718766613
0.48800000000000027,6,True,0.2619884355496558,195,3.455608718766613
0.48900000000000027,6,True,0.2619884355496558,195,3.455608718766613
0.49000000000000027,6,True,0.26198260460323214,194,3.437887648413964
0.49100000000000027,6,True,0.26198260460323214,194,3.437887648413964
0.49200000000000027,6,True,0.26198260460323214,194,3.437887648413964
0.49300000000000027,6,True,0.26198260460323214,194,3.437887648413964
0.49400000000000027,6,True,0.26211596462035086,193,3.420166578061315
0.4950000000000003,6,True,0.26211596462035086,193,3.420166578061315
0.4960000000000003,6,True,0.26211596462035086,193,3.420166578061315
0.4970000000000003,6,True,0.26211596462035086,193,3.420166578061315
0.4980000000000003,6,True,0.26211596462035086,193,3.420166578061315
0.4990000000000003,6,True,0.26211596462035086,193,3.420166578061315
0.5000000000000002,5,True,0.3220273086719181,193,3.420166578061315
0.5010000000000003,4,True,0.30878311907958295,193,3.420166578061315
0.5020000000000002,4,True,0.30881188745491067,192,3.402445507708666
0.5030000000000003,4,True,0.3086154018141985,191,3.384724437356016
0.5040000000000002,4,True,0.3086154018141985,191,3.384724437356016
0.5050000000000003,4,True,0.3086154018141985,191,3.384724437356016
0.5060000000000002,4,True,0.3086154018141985,191,3.384724437356016
0.5070000000000003,4,True,0.30928177716939687,189,3.349282296650718
0.5080000000000002,4,True,0.30968113546562276,188,3.331561226298069
0.5090000000000003,4,True,0.30988976584154376,187,3.313840155945419
0.5100000000000002,4,True,0.31027238258921314,186,3.29611908559277
0.5110000000000003,4,True,0.31027238258921314,186,3.29611908559277
0.5120000000000002,4,True,0.31027238258921314,186,3.29611908559277
0.5130000000000003,4,True,0.31076798981938714,185,3.278398015240121
0.5140000000000002,4,True,0.31060329690237365,184,3.260676944887471
0.5150000000000003,4,True,0.311134302624602,182,3.225234804182173
0.5160000000000002,4,True,0.311134302624602,182,3.225234804182173
0.5170000000000003,4,True,0.31157696557709846,181,3.2075137338295234
0.5180000000000002,4,True,0.31141582837884857,180,3.1897926634768736
0.5190000000000003,4,True,0.31141582837884857,180,3.1897926634768736
0.5200000000000002,4,True,0.31141582837884857,180,3.1897926634768736
0.5210000000000004,4,True,0.3123621547816997,178,3.1543505227715753
0.5220000000000002,4,True,0.3131980199473551,176,3.1189083820662766
0.5230000000000004,4,True,0.31367453457276473,175,3.1011873117136277
0.5240000000000002,4,True,0.3137624230678606,174,3.083466241360978
0.5250000000000004,4,True,0.3137624230678606,174,3.083466241360978
0.5260000000000002,4,True,0.3143060481909704,173,3.065745171008329
0.5270000000000004,4,True,0.3143060481909704,173,3.065745171008329
0.5280000000000002,4,True,0.3143060481909704,173,3.065745171008329
0.5290000000000004,4,True,0.3143060481909704,173,3.065745171008329
0.5300000000000002,4,True,0.3150915911324129,171,3.0303030303030303
0.5310000000000004,4,True,0.3150915911324129,171,3.0303030303030303
0.5320000000000003,4,True,0.3153117728505566,170,3.012581959950381
0.5330000000000004,4,True,0.31536009425063416,169,2.994860889597732
0.5340000000000003,4,True,0.31536009425063416,169,2.994860889597732
0.5350000000000004,4,True,0.31536009425063416,169,2.994860889597732
0.5360000000000003,4,True,0.31536009425063416,169,2.994860889597732
0.5370000000000004,4,True,0.31536009425063416,169,2.994860889597732
0.5380000000000003,4,True,0.31536009425063416,169,2.994860889597732
0.5390000000000004,4,True,0.31536009425063416,169,2.994860889597732
0.5400000000000003,4,True,0.31532891215272074,168,2.977139819245082
0.5410000000000004,4,True,0.31542760112569984,167,2.9594187488924333
0.5420000000000003,4,True,0.31542760112569984,167,2.9594187488924333
0.5430000000000004,4,True,0.31542760112569984,167,2.9594187488924333
0.5440000000000003,4,True,0.31542760112569984,167,2.9594187488924333
0.5450000000000004,4,True,0.31542760112569984,167,2.9594187488924333
0.5460000000000003,4,True,0.3157520754071558,166,2.941697678539784
0.5470000000000004,4,True,0.3157520754071558,166,2.941697678539784
0.5480000000000003,4,True,0.3157520754071558,166,2.941697678539784
0.5490000000000004,4,True,0.3158086321997362,165,2.923976608187134
0.5500000000000003,4,True,0.31632921006274284,164,2.906255537834485
0.5510000000000004,4,True,0.31632921006274284,164,2.906255537834485
0.5520000000000003,4,True,0.31677160165897084,163,2.888534467481836
0.5530000000000004,4,True,0.3168674951175448,162,2.8708133971291865
0.5540000000000003,4,True,0.3201911197738153,146,2.5872762714867976
0.5550000000000004,4,True,0.32054735803523493,145,2.5695552011341487
0.5560000000000003,4,True,0.32054735803523493,145,2.5695552011341487
0.5570000000000004,4,True,0.32117453352982905,139,2.4632287790182525
0.5580000000000003,4,True,0.32117453352982905,139,2.4632287790182525
0.5590000000000004,4,True,0.32117453352982905,139,2.4632287790182525
0.5600000000000003,4,True,0.32117453352982905,139,2.4632287790182525
0.5610000000000004,4,True,0.31364742943982854,113,2.002480949849371
0.5620000000000003,4,True,0.31364742943982854,113,2.002480949849371
0.5630000000000004,4,True,0.3142613430816816,112,1.9847598794967214
0.5640000000000003,4,True,0.3147270688244583,111,1.9670388091440723
0.5650000000000004,4,True,0.3147270688244583,111,1.9670388091440723
0.5660000000000003,4,True,0.3147270688244583,111,1.9670388091440723
0.5670000000000004,4,True,0.31431205174728416,106,1.8784334573808257
0.5680000000000003,4,True,0.31439048682510856,105,1.8607123870281765
0.5690000000000004,4,True,0.3148851833411645,104,1.8429913166755272
0.5700000000000003,4,True,0.3149088308050114,103,1.8252702463228778
0.5710000000000004,4,True,0.3149527342299396,101,1.789828105617579
0.5720000000000003,4,True,0.3149527342299396,101,1.789828105617579
0.5730000000000004,4,True,0.3151675392965139,100,1.77210703526493
0.5740000000000003,4,True,0.31169088676822326,92,1.6303384724437355
0.5750000000000004,4,True,0.31169088676822326,92,1.6303384724437355
0.5760000000000003,4,True,0.31169088676822326,92,1.6303384724437355
0.5770000000000004,4,True,0.3112687125023066,90,1.5948963317384368
0.5780000000000003,4,True,0.3112687125023066,90,1.5948963317384368
0.5790000000000004,4,True,0.3112687125023066,90,1.5948963317384368
0.5800000000000003,4,True,0.3112687125023066,90,1.5948963317384368
0.5810000000000004,4,True,0.3112687125023066,90,1.5948963317384368
0.5820000000000003,4,True,0.3112687125023066,90,1.5948963317384368
0.5830000000000004,4,True,0.3112687125023066,90,1.5948963317384368
0.5840000000000003,4,True,0.3109172776510033,89,1.5771752613857877
0.5850000000000004,4,True,0.3111515817268958,88,1.5594541910331383
0.5860000000000003,4,True,0.3111515817268958,88,1.5594541910331383
0.5870000000000004,4,True,0.3111515817268958,88,1.5594541910331383
0.5880000000000003,4,True,0.3111849708330753,87,1.541733120680489
0.5890000000000004,4,True,0.3111849708330753,87,1.541733120680489
0.5900000000000003,4,True,0.3111849708330753,87,1.541733120680489
0.5910000000000004,4,True,0.3111849708330753,87,1.541733120680489
0.5920000000000003,4,True,0.3111849708330753,87,1.541733120680489
0.5930000000000004,4,True,0.3111849708330753,87,1.541733120680489
0.5940000000000003,4,True,0.3111849708330753,87,1.541733120680489
0.5950000000000004,4,True,0.3111849708330753,87,1.541733120680489
0.5960000000000003,4,True,0.31221356859595756,85,1.5062909799751905
0.5970000000000004,4,True,0.31163801743365277,84,1.488569909622541
0.5980000000000003,4,True,0.31163801743365277,84,1.488569909622541
0.5990000000000004,4,True,0.31163801743365277,84,1.488569909622541
0.6000000000000003,4,True,0.31163801743365277,84,1.488569909622541
0.6010000000000004,4,True,0.31163801743365277,84,1.488569909622541
0.6020000000000003,4,True,0.31163801743365277,84,1.488569909622541
0.6030000000000004,4,True,0.31163801743365277,84,1.488569909622541
0.6040000000000003,4,True,0.3115186823162177,82,1.4531277689172426
0.6050000000000004,4,True,0.3108828826666336,81,1.4354066985645932
0.6060000000000003,4,True,0.3108828826666336,81,1.4354066985645932
0.6070000000000004,4,True,0.3108828826666336,81,1.4354066985645932
0.6080000000000003,4,True,0.3114040783817353,80,1.417685628211944
0.6090000000000004,4,True,0.3114040783817353,80,1.417685628211944
0.6100000000000003,4,True,0.30978769461803995,76,1.3468013468013467
0.6110000000000004,4,True,0.3100119225667493,75,1.3290802764486975
0.6120000000000003,4,True,0.3100119225667493,75,1.3290802764486975
0.6130000000000004,4,True,0.3104063735118465,74,1.3113592060960482
0.6140000000000003,4,True,0.31295103832919413,68,1.2050327839801525
0.6150000000000004,4,True,0.31295103832919413,68,1.2050327839801525
0.6160000000000003,4,True,0.31295103832919413,68,1.2050327839801525
0.6170000000000004,4,True,0.31295103832919413,68,1.2050327839801525
0.6180000000000003,4,True,0.31275675793248686,67,1.187311713627503
0.6190000000000004,4,True,0.31275675793248686,67,1.187311713627503
0.6200000000000003,4,True,0.31418668465778293,65,1.1518695729222044
0.6210000000000004,4,True,0.31418668465778293,65,1.1518695729222044
0.6220000000000003,4,True,0.3147025440380581,64,1.1341485025695552
0.6230000000000004,4,True,0.3147025440380581,64,1.1341485025695552
0.6240000000000003,4,True,0.31404189715607655,63,1.1164274322169059
0.6250000000000004,4,True,0.31398690720291594,62,1.0987063618642565
0.6260000000000003,4,True,0.315910546507834,59,1.0455431508063087
0.6270000000000004,4,True,0.315910546507834,59,1.0455431508063087
0.6280000000000003,4,True,0.315910546507834,59,1.0455431508063087
0.6290000000000004,4,True,0.31530943791230903,58,1.0278220804536595
0.6300000000000003,4,True,0.31530943791230903,58,1.0278220804536595
0.6310000000000004,4,True,0.31540930607611894,56,0.9923799397483607
0.6320000000000003,4,True,0.31540930607611894,56,0.9923799397483607
0.6330000000000005,4,True,0.3139177945056371,54,0.9569377990430622
0.6340000000000003,4,True,0.31487986168551363,51,0.9037745879851143
0.6350000000000005,4,True,0.31487986168551363,51,0.9037745879851143
0.6360000000000003,4,True,0.31487986168551363,51,0.9037745879851143
0.6370000000000005,4,True,0.31487986168551363,51,0.9037745879851143
0.6380000000000003,4,True,0.3147144267071101,49,0.8683324472798157
0.6390000000000005,4,True,0.3147144267071101,49,0.8683324472798157
0.6400000000000003,4,True,0.316562032828192,48,0.8506113769271665
0.6410000000000005,4,True,0.316562032828192,48,0.8506113769271665
0.6420000000000003,4,True,0.316562032828192,48,0.8506113769271665
0.6430000000000005,4,True,0.316562032828192,48,0.8506113769271665
0.6440000000000003,4,True,0.316562032828192,48,0.8506113769271665
0.6450000000000005,4,True,0.3173750763099145,47,0.8328903065745172
0.6460000000000004,4,True,0.317870115711716,46,0.8151692362218678
0.6470000000000005,4,True,0.31719561207235286,45,0.7974481658692184
0.6480000000000004,4,True,0.31719561207235286,45,0.7974481658692184
0.6490000000000005,4,True,0.31719561207235286,45,0.7974481658692184
0.6500000000000004,4,True,0.31719561207235286,45,0.7974481658692184
0.6510000000000005,4,True,0.31719561207235286,45,0.7974481658692184
0.6520000000000004,4,True,0.3191313476235102,44,0.7797270955165692
0.6530000000000005,4,True,0.3191313476235102,44,0.7797270955165692
0.6540000000000004,4,True,0.3191313476235102,44,0.7797270955165692
0.6550000000000005,4,True,0.3191313476235102,44,0.7797270955165692
0.6560000000000004,4,True,0.3191313476235102,44,0.7797270955165692
0.6570000000000005,4,True,0.3191313476235102,44,0.7797270955165692
0.6580000000000004,4,True,0.3191313476235102,44,0.7797270955165692
0.6590000000000005,4,True,0.3191313476235102,44,0.7797270955165692
0.6600000000000004,4,True,0.3191313476235102,44,0.7797270955165692
0.6610000000000005,4,True,0.3191313476235102,44,0.7797270955165692
0.6620000000000004,4,True,0.3191313476235102,44,0.7797270955165692
0.6630000000000005,4,True,0.3191313476235102,44,0.7797270955165692
0.6640000000000004,4,True,0.31788932988823754,43,0.7620060251639199
0.6650000000000005,4,True,0.31788932988823754,43,0.7620060251639199
0.6660000000000004,4,True,0.31851755098010015,42,0.7442849548112705
0.6670000000000005,4,True,0.31851755098010015,42,0.7442849548112705
0.6680000000000004,4,True,0.31943170268773513,41,0.7265638844586213
0.6690000000000005,4,True,0.31943170268773513,41,0.7265638844586213
0.6700000000000004,4,True,0.31943170268773513,41,0.7265638844586213
0.6710000000000005,4,True,0.31943170268773513,41,0.7265638844586213
0.6720000000000004,4,True,0.31943170268773513,41,0.7265638844586213
0.6730000000000005,4,True,0.31774804756353425,39,0.6911217437533227
0.6740000000000004,4,True,0.31774804756353425,39,0.6911217437533227
0.6750000000000005,4,True,0.31774804756353425,39,0.6911217437533227
0.6760000000000004,4,True,0.31774804756353425,39,0.6911217437533227
0.6770000000000005,4,True,0.31774804756353425,39,0.6911217437533227
0.6780000000000004,4,True,0.31774804756353425,39,0.6911217437533227
0.6790000000000005,4,True,0.31774804756353425,39,0.6911217437533227
0.6800000000000004,4,True,0.3186032535800673,38,0.6734006734006733
0.6810000000000005,4,True,0.31941076064292767,34,0.6025163919900762
0.6820000000000004,4,True,0.31941076064292767,34,0.6025163919900762
0.6830000000000005,4,True,0.31941076064292767,34,0.6025163919900762
0.6840000000000004,4,True,0.31941076064292767,34,0.6025163919900762
0.6850000000000005,4,True,0.31941076064292767,34,0.6025163919900762
0.6860000000000004,4,True,0.31941076064292767,34,0.6025163919900762
0.6870000000000005,4,True,0.31941076064292767,34,0.6025163919900762
0.6880000000000004,4,True,0.31941076064292767,34,0.6025163919900762
0.6890000000000005,4,True,0.31941076064292767,34,0.6025163919900762
0.6900000000000004,4,True,0.3206572128466512,33,0.5847953216374269
0.6910000000000005,4,True,0.3211857014450945,32,0.5670742512847776
0.6920000000000004,4,True,0.3211857014450945,32,0.5670742512847776
0.6930000000000005,4,True,0.3211857014450945,32,0.5670742512847776
0.6940000000000004,4,True,0.3208713782089724,30,0.531632110579479
0.6950000000000005,4,True,0.3208713782089724,30,0.531632110579479
0.6960000000000004,4,True,0.3208713782089724,30,0.531632110579479
0.6970000000000005,4,True,0.3193842237836198,29,0.5139110402268298
0.6980000000000004,4,True,0.3177571529615541,28,0.49618996987418035
0.6990000000000005,4,True,0.3177571529615541,28,0.49618996987418035
0.7000000000000004,4,True,0.3177571529615541,28,0.49618996987418035
0.7010000000000005,4,True,0.3177571529615541,28,0.49618996987418035
0.7020000000000004,4,True,0.3177571529615541,28,0.49618996987418035
0.7030000000000005,4,True,0.3177571529615541,28,0.49618996987418035
0.7040000000000004,4,True,0.3185864656651215,27,0.4784688995215311
0.7050000000000005,4,True,0.3185864656651215,27,0.4784688995215311
0.7060000000000004,4,True,0.3185864656651215,27,0.4784688995215311
0.7070000000000005,4,True,0.3185864656651215,27,0.4784688995215311
0.7080000000000004,4,True,0.3185864656651215,27,0.4784688995215311
0.7090000000000005,4,True,0.32818290930167754,18,0.3189792663476874
0.7100000000000004,4,True,0.32818290930167754,18,0.3189792663476874
0.7110000000000005,4,True,0.32818290930167754,18,0.3189792663476874
0.7120000000000004,4,True,0.32818290930167754,18,0.3189792663476874
0.7130000000000005,4,True,0.32864337432842666,17,0.3012581959950381
0.7140000000000004,4,True,0.32864337432842666,17,0.3012581959950381
0.7150000000000005,4,True,0.32864337432842666,17,0.3012581959950381
0.7160000000000004,4,True,0.32600897588607164,16,0.2835371256423888
0.7170000000000005,4,True,0.32600897588607164,16,0.2835371256423888
0.7180000000000004,4,True,0.32600897588607164,16,0.2835371256423888
0.7190000000000005,4,True,0.32600897588607164,16,0.2835371256423888
0.7200000000000004,4,True,0.32600897588607164,16,0.2835371256423888
0.7210000000000005,4,True,0.32600897588607164,16,0.2835371256423888
0.7220000000000004,4,True,0.32600897588607164,16,0.2835371256423888
0.7230000000000005,4,True,0.32600897588607164,16,0.2835371256423888
0.7240000000000004,4,True,0.3246687776910463,15,0.2658160552897395
0.7250000000000005,4,True,0.3229484250803358,13,0.2303739145844409
0.7260000000000004,4,True,0.3229484250803358,13,0.2303739145844409
0.7270000000000005,4,True,0.3229484250803358,13,0.2303739145844409
0.7280000000000004,4,True,0.3229484250803358,13,0.2303739145844409
0.7290000000000005,4,True,0.3229484250803358,13,0.2303739145844409
0.7300000000000004,4,True,0.3229484250803358,13,0.2303739145844409
0.7310000000000005,4,True,0.3229484250803358,13,0.2303739145844409
0.7320000000000004,4,True,0.3229484250803358,13,0.2303739145844409
0.7330000000000005,4,True,0.3229484250803358,13,0.2303739145844409
0.7340000000000004,4,True,0.3229484250803358,13,0.2303739145844409
0.7350000000000005,4,True,0.3229484250803358,13,0.2303739145844409
0.7360000000000004,4,True,0.3229484250803358,13,0.2303739145844409
0.7370000000000005,4,True,0.3229484250803358,13,0.2303739145844409
0.7380000000000004,4,True,0.31987786788951916,12,0.21265284423179162
0.7390000000000005,4,True,0.31987786788951916,12,0.21265284423179162
0.7400000000000004,4,True,0.31987786788951916,12,0.21265284423179162
0.7410000000000005,4,True,0.31987786788951916,12,0.21265284423179162
0.7420000000000004,4,True,0.31987786788951916,12,0.21265284423179162
0.7430000000000005,4,True,0.31987786788951916,12,0.21265284423179162
0.7440000000000004,4,True,0.31987786788951916,12,0.21265284423179162
0.7450000000000006,4,True,0.31987786788951916,12,0.21265284423179162
0.7460000000000004,4,True,0.31987786788951916,12,0.21265284423179162
0.7470000000000006,4,True,0.31987786788951916,12,0.21265284423179162
0.7480000000000004,4,True,0.31987786788951916,12,0.21265284423179162
0.7490000000000006,4,True,0.31987786788951916,12,0.21265284423179162
0.7500000000000004,4,True,0.31987786788951916,12,0.21265284423179162
0.7510000000000006,4,True,0.31987786788951916,12,0.21265284423179162
0.7520000000000004,4,True,0.31987786788951916,12,0.21265284423179162
0.7530000000000006,4,True,0.31987786788951916,12,0.21265284423179162
0.7540000000000004,4,True,0.31986328689597504,11,0.1949317738791423
0.7550000000000006,4,True,0.31986328689597504,11,0.1949317738791423
0.7560000000000004,4,True,0.31986328689597504,11,0.1949317738791423
0.7570000000000006,4,True,0.31986328689597504,11,0.1949317738791423
0.7580000000000005,4,True,0.31986328689597504,11,0.1949317738791423
0.7590000000000006,4,True,0.31986328689597504,11,0.1949317738791423
0.7600000000000005,4,True,0.31986328689597504,11,0.1949317738791423
0.7610000000000006,4,True,0.32153381697914135,10,0.177210703526493
0.7620000000000005,4,True,0.32153381697914135,10,0.177210703526493
0.7630000000000006,4,True,0.32153381697914135,10,0.177210703526493
0.7640000000000005,4,True,0.32153381697914135,10,0.177210703526493
0.7650000000000006,4,True,0.32153381697914135,10,0.177210703526493
0.7660000000000005,4,True,0.31868305082782766,9,0.1594896331738437
0.7670000000000006,4,True,0.31868305082782766,9,0.1594896331738437
0.7680000000000005,4,True,0.31868305082782766,9,0.1594896331738437
0.7690000000000006,4,True,0.31868305082782766,9,0.1594896331738437
0.7700000000000005,4,True,0.31868305082782766,9,0.1594896331738437
0.7710000000000006,4,True,0.31868305082782766,9,0.1594896331738437
0.7720000000000005,4,True,0.31868305082782766,9,0.1594896331738437
0.7730000000000006,4,True,0.3222360917533423,8,0.1417685628211944
0.7740000000000005,4,True,0.3222360917533423,8,0.1417685628211944
0.7750000000000006,4,True,0.3222360917533423,8,0.1417685628211944
0.7760000000000005,4,True,0.3222360917533423,8,0.1417685628211944
0.7770000000000006,4,True,0.32836963833355876,7,0.12404749246854509
0.7780000000000005,4,True,0.32836963833355876,7,0.12404749246854509
0.7790000000000006,4,True,0.32836963833355876,7,0.12404749246854509
0.7800000000000005,4,True,0.32836963833355876,7,0.12404749246854509
0.7810000000000006,4,True,0.32836963833355876,7,0.12404749246854509
0.7820000000000005,4,True,0.32836963833355876,7,0.12404749246854509
0.7830000000000006,4,True,0.32836963833355876,7,0.12404749246854509
0.7840000000000005,4,True,0.32836963833355876,7,0.12404749246854509
0.7850000000000006,4,True,0.32836963833355876,7,0.12404749246854509
0.7860000000000005,4,True,0.32836963833355876,7,0.12404749246854509
0.7870000000000006,4,True,0.32836963833355876,7,0.12404749246854509
0.7880000000000005,4,True,0.32836963833355876,7,0.12404749246854509
0.7890000000000006,4,True,0.3342630548818076,6,0.10632642211589581
0.7900000000000005,4,True,0.3342630548818076,6,0.10632642211589581
0.7910000000000006,4,True,0.3342630548818076,6,0.10632642211589581
0.7920000000000005,4,True,0.3342630548818076,6,0.10632642211589581
0.7930000000000006,4,True,0.3342630548818076,6,0.10632642211589581
0.7940000000000005,4,True,0.3342630548818076,6,0.10632642211589581
0.7950000000000006,4,True,0.3342630548818076,6,0.10632642211589581
0.7960000000000005,4,True,0.3342630548818076,6,0.10632642211589581
0.7970000000000006,4,True,0.3342630548818076,6,0.10632642211589581
0.7980000000000005,4,True,0.3342630548818076,6,0.10632642211589581
0.7990000000000006,4,True,0.3342630548818076,6,0.10632642211589581
0.8000000000000005,4,True,0.3342630548818076,6,0.10632642211589581
0.8010000000000006,4,True,0.3342630548818076,6,0.10632642211589581
0.8020000000000005,4,True,0.3342630548818076,6,0.10632642211589581
0.8030000000000006,4,True,0.3342630548818076,6,0.10632642211589581
0.8040000000000005,4,True,0.3342630548818076,6,0.10632642211589581
0.8050000000000006,4,True,0.3342630548818076,6,0.10632642211589581
0.8060000000000005,4,True,0.3342630548818076,6,0.10632642211589581
0.8070000000000006,4,True,0.3342630548818076,6,0.10632642211589581
0.8080000000000005,4,True,0.3342630548818076,6,0.10632642211589581
0.8090000000000006,4,True,0.3342630548818076,6,0.10632642211589581
0.8100000000000005,4,True,0.3342630548818076,6,0.10632642211589581
0.8110000000000006,4,True,0.3342630548818076,6,0.10632642211589581
0.8120000000000005,4,True,0.3342630548818076,6,0.10632642211589581
0.8130000000000006,4,True,0.3342630548818076,6,0.10632642211589581
0.8140000000000005,4,True,0.3342630548818076,6,0.10632642211589581
0.8150000000000006,4,True,0.3342630548818076,6,0.10632642211589581
0.8160000000000005,4,True,0.3342630548818076,6,0.10632642211589581
0.8170000000000006,4,True,0.3342630548818076,6,0.10632642211589581
0.8180000000000005,4,True,0.3342630548818076,6,0.10632642211589581
0.8190000000000006,4,True,0.3342630548818076,6,0.10632642211589581
0.8200000000000005,4,True,0.3342630548818076,6,0.10632642211589581
0.8210000000000006,4,True,0.3342630548818076,6,0.10632642211589581
0.8220000000000005,4,True,0.3342630548818076,6,0.10632642211589581
0.8230000000000006,4,True,0.3342630548818076,6,0.10632642211589581
0.8240000000000005,4,True,0.3342630548818076,6,0.10632642211589581
0.8250000000000006,4,True,0.3342630548818076,6,0.10632642211589581
0.8260000000000005,4,True,0.3342630548818076,6,0.10632642211589581
0.8270000000000006,4,True,0.3342630548818076,6,0.10632642211589581
0.8280000000000005,4,True,0.3342630548818076,6,0.10632642211589581
0.8290000000000006,4,True,0.3342630548818076,6,0.10632642211589581
0.8300000000000005,4,True,0.3342630548818076,6,0.10632642211589581
0.8310000000000006,4,True,0.3120450010102174,5,0.0886053517632465
0.8320000000000005,4,True,0.3120450010102174,5,0.0886053517632465
0.8330000000000006,4,True,0.3120450010102174,5,0.0886053517632465
0.8340000000000005,4,True,0.3120450010102174,5,0.0886053517632465
0.8350000000000006,4,True,0.3120450010102174,5,0.0886053517632465
0.8360000000000005,4,True,0.3120450010102174,5,0.0886053517632465
0.8370000000000006,4,True,0.3120450010102174,5,0.0886053517632465
0.8380000000000005,4,True,0.3120450010102174,5,0.0886053517632465
0.8390000000000006,4,True,0.3120450010102174,5,0.0886053517632465
0.8400000000000005,4,True,0.3120450010102174,5,0.0886053517632465
0.8410000000000006,4,True,0.3120450010102174,5,0.0886053517632465
0.8420000000000005,4,True,0.3120450010102174,5,0.0886053517632465
0.8430000000000006,4,True,0.31455244513479863,4,0.0708842814105972
0.8440000000000005,4,True,0.31455244513479863,4,0.0708842814105972
0.8450000000000006,4,True,0.31455244513479863,4,0.0708842814105972
0.8460000000000005,4,True,0.31455244513479863,4,0.0708842814105972
0.8470000000000006,4,True,0.31455244513479863,4,0.0708842814105972
0.8480000000000005,4,True,0.31455244513479863,4,0.0708842814105972
0.8490000000000006,4,True,0.31455244513479863,4,0.0708842814105972
0.8500000000000005,4,True,0.31455244513479863,4,0.0708842814105972
0.8510000000000006,4,True,0.31455244513479863,4,0.0708842814105972
0.8520000000000005,4,True,0.31455244513479863,4,0.0708842814105972
0.8530000000000006,4,True,0.31455244513479863,4,0.0708842814105972
0.8540000000000005,4,True,0.31455244513479863,4,0.0708842814105972
0.8550000000000006,4,True,0.31455244513479863,4,0.0708842814105972
0.8560000000000005,4,True,0.31455244513479863,4,0.0708842814105972
0.8570000000000007,4,True,0.31455244513479863,4,0.0708842814105972
0.8580000000000005,4,True,0.31455244513479863,4,0.0708842814105972
0.8590000000000007,4,True,0.31455244513479863,4,0.0708842814105972
0.8600000000000005,4,True,0.31455244513479863,4,0.0708842814105972
0.8610000000000007,4,True,0.31455244513479863,4,0.0708842814105972
0.8620000000000005,4,True,0.31455244513479863,4,0.0708842814105972
0.8630000000000007,4,True,0.31455244513479863,4,0.0708842814105972
0.8640000000000005,4,True,0.31455244513479863,4,0.0708842814105972
0.8650000000000007,4,True,0.31455244513479863,4,0.0708842814105972
0.8660000000000005,4,True,0.31455244513479863,4,0.0708842814105972
0.8670000000000007,4,True,0.31455244513479863,4,0.0708842814105972
0.8680000000000005,4,True,0.31455244513479863,4,0.0708842814105972
0.8690000000000007,4,True,0.31455244513479863,4,0.0708842814105972
0.8700000000000006,4,True,0.31455244513479863,4,0.0708842814105972
0.8710000000000007,4,True,0.31455244513479863,4,0.0708842814105972
0.8720000000000006,4,True,0.31455244513479863,4,0.0708842814105972
0.8730000000000007,4,True,0.31455244513479863,4,0.0708842814105972
0.8740000000000006,4,True,0.31455244513479863,4,0.0708842814105972
0.8750000000000007,4,True,0.31455244513479863,4,0.0708842814105972
0.8760000000000006,4,True,0.31455244513479863,4,0.0708842814105972
0.8770000000000007,4,True,0.31455244513479863,4,0.0708842814105972
0.8780000000000006,4,True,0.31455244513479863,4,0.0708842814105972
0.8790000000000007,4,True,0.31455244513479863,4,0.0708842814105972
0.8800000000000006,4,True,0.31455244513479863,4,0.0708842814105972
0.8810000000000007,4,True,0.31455244513479863,4,0.0708842814105972
0.8820000000000006,4,True,0.31455244513479863,4,0.0708842814105972
0.8830000000000007,4,True,0.31455244513479863,4,0.0708842814105972
0.8840000000000006,4,True,0.31455244513479863,4,0.0708842814105972
0.8850000000000007,4,True,0.31455244513479863,4,0.0708842814105972
0.8860000000000006,4,True,0.31455244513479863,4,0.0708842814105972
0.8870000000000007,4,True,0.31455244513479863,4,0.0708842814105972
0.8880000000000006,4,True,0.31455244513479863,4,0.0708842814105972
0.8890000000000007,4,True,0.31455244513479863,4,0.0708842814105972
0.8900000000000006,4,True,0.31455244513479863,4,0.0708842814105972
0.8910000000000007,4,True,0.3207200528784116,3,0.053163211057947905
0.8920000000000006,4,True,0.3207200528784116,3,0.053163211057947905
0.8930000000000007,4,True,0.3207200528784116,3,0.053163211057947905
0.8940000000000006,4,True,0.3207200528784116,3,0.053163211057947905
0.8950000000000007,4,True,0.3207200528784116,3,0.053163211057947905
0.8960000000000006,4,True,0.3207200528784116,3,0.053163211057947905
0.8970000000000007,4,True,0.3207200528784116,3,0.053163211057947905
0.8980000000000006,4,True,0.3207200528784116,3,0.053163211057947905
0.8990000000000007,4,True,0.3207200528784116,3,0.053163211057947905
0.9000000000000006,4,True,0.3207200528784116,3,0.053163211057947905
0.9010000000000007,4,True,0.3207200528784116,3,0.053163211057947905
0.9020000000000006,4,True,0.3207200528784116,3,0.053163211057947905
0.9030000000000007,4,True,0.3207200528784116,3,0.053163211057947905
0.9040000000000006,4,True,0.3207200528784116,3,0.053163211057947905
0.9050000000000007,4,True,0.3207200528784116,3,0.053163211057947905
0.9060000000000006,4,True,0.3207200528784116,3,0.053163211057947905
0.9070000000000007,4,True,0.3207200528784116,3,0.053163211057947905
0.9080000000000006,4,True,0.3207200528784116,3,0.053163211057947905
0.9090000000000007,4,True,0.3207200528784116,3,0.053163211057947905
0.9100000000000006,4,True,0.3207200528784116,3,0.053163211057947905
0.9110000000000007,4,True,0.3207200528784116,3,0.053163211057947905
0.9120000000000006,4,True,0.3207200528784116,3,0.053163211057947905
0.9130000000000007,4,True,0.3207200528784116,3,0.053163211057947905
0.9140000000000006,4,True,0.3207200528784116,3,0.053163211057947905
0.9150000000000007,4,True,0.3207200528784116,3,0.053163211057947905
0.9160000000000006,4,True,0.3207200528784116,3,0.053163211057947905
0.9170000000000007,4,True,0.3207200528784116,3,0.053163211057947905
0.9180000000000006,4,True,0.3207200528784116,3,0.053163211057947905
0.9190000000000007,4,True,0.3207200528784116,3,0.053163211057947905
0.9200000000000006,4,True,0.3207200528784116,3,0.053163211057947905
0.9210000000000007,4,True,0.3207200528784116,3,0.053163211057947905
0.9220000000000006,4,True,0.3207200528784116,3,0.053163211057947905
0.9230000000000007,4,True,0.3207200528784116,3,0.053163211057947905
0.9240000000000006,4,True,0.3207200528784116,3,0.053163211057947905
0.9250000000000007,4,True,0.3207200528784116,3,0.053163211057947905
0.9260000000000006,4,True,0.3207200528784116,3,0.053163211057947905
0.9270000000000007,4,True,0.3207200528784116,3,0.053163211057947905
0.9280000000000006,4,True,0.3207200528784116,3,0.053163211057947905
0.9290000000000007,4,True,0.3207200528784116,3,0.053163211057947905
0.9300000000000006,4,True,0.3207200528784116,3,0.053163211057947905
0.9310000000000007,4,True,0.3207200528784116,3,0.053163211057947905
0.9320000000000006,4,True,0.3207200528784116,3,0.053163211057947905
0.9330000000000007,4,True,0.3207200528784116,3,0.053163211057947905
0.9340000000000006,4,True,0.3207200528784116,3,0.053163211057947905
0.9350000000000007,4,True,0.3207200528784116,3,0.053163211057947905
0.9360000000000006,4,True,0.3282163063433475,2,0.0354421407052986
0.9370000000000007,4,True,0.3282163063433475,2,0.0354421407052986
0.9380000000000006,4,True,0.3282163063433475,2,0.0354421407052986
0.9390000000000007,4,True,0.3282163063433475,2,0.0354421407052986
0.9400000000000006,4,True,0.3282163063433475,2,0.0354421407052986
0.9410000000000007,4,True,0.3282163063433475,2,0.0354421407052986
0.9420000000000006,4,True,0.3282163063433475,2,0.0354421407052986
0.9430000000000007,4,True,0.3282163063433475,2,0.0354421407052986
0.9440000000000006,4,True,0.3282163063433475,2,0.0354421407052986
0.9450000000000007,4,True,0.3282163063433475,2,0.0354421407052986
0.9460000000000006,4,True,0.3282163063433475,2,0.0354421407052986
0.9470000000000007,4,True,0.3282163063433475,2,0.0354421407052986
0.9480000000000006,4,True,0.3253163596177725,1,0.0177210703526493
0.9490000000000007,4,True,0.3253163596177725,1,0.0177210703526493
0.9500000000000006,4,True,0.3253163596177725,1,0.0177210703526493
0.9510000000000007,4,True,0.3253163596177725,1,0.0177210703526493
0.9520000000000006,4,True,0.3253163596177725,1,0.0177210703526493
0.9530000000000007,4,True,0.3253163596177725,1,0.0177210703526493
0.9540000000000006,4,True,0.3253163596177725,1,0.0177210703526493
0.9550000000000007,4,True,0.3253163596177725,1,0.0177210703526493
0.9560000000000006,4,True,0.3253163596177725,1,0.0177210703526493
0.9570000000000007,4,True,0.3253163596177725,1,0.0177210703526493
0.9580000000000006,4,True,0.3253163596177725,1,0.0177210703526493
0.9590000000000007,4,True,0.3253163596177725,1,0.0177210703526493
0.9600000000000006,4,True,0.3253163596177725,1,0.0177210703526493
0.9610000000000007,4,True,0.3253163596177725,1,0.0177210703526493
0.9620000000000006,4,True,0.3253163596177725,1,0.0177210703526493
0.9630000000000007,4,True,0.3253163596177725,1,0.0177210703526493
0.9640000000000006,4,True,0.3253163596177725,1,0.0177210703526493
0.9650000000000007,4,True,0.3253163596177725,1,0.0177210703526493
0.9660000000000006,4,True,0.3253163596177725,1,0.0177210703526493
0.9670000000000007,4,True,0.3253163596177725,1,0.0177210703526493
0.9680000000000006,4,True,0.3253163596177725,1,0.0177210703526493
0.9690000000000007,4,True,0.3253163596177725,1,0.0177210703526493
0.9700000000000006,4,True,0.3253163596177725,1,0.0177210703526493
0.9710000000000008,4,True,0.3253163596177725,1,0.0177210703526493
0.9720000000000006,4,True,0.3253163596177725,1,0.0177210703526493
0.9730000000000008,4,True,0.3253163596177725,1,0.0177210703526493
0.9740000000000006,4,True,0.3253163596177725,1,0.0177210703526493
0.9750000000000008,4,True,0.3253163596177725,1,0.0177210703526493
0.9760000000000006,4,True,0.3253163596177725,1,0.0177210703526493
0.9770000000000008,4,True,0.3253163596177725,1,0.0177210703526493
0.9780000000000006,3,False,0.35512157535567784,0,0.0
0.9790000000000008,3,False,0.35512157535567784,0,0.0
0.9800000000000006,3,False,0.35512157535567784,0,0.0
0.9810000000000008,3,False,0.35512157535567784,0,0.0
0.9820000000000007,3,False,0.35512157535567784,0,0.0
0.9830000000000008,3,False,0.35512157535567784,0,0.0
0.9840000000000007,3,False,0.35512157535567784,0,0.0
0.9850000000000008,3,False,0.35512157535567784,0,0.0
0.9860000000000007,3,False,0.35512157535567784,0,0.0
0.9870000000000008,3,False,0.35512157535567784,0,0.0
0.9880000000000007,3,False,0.35512157535567784,0,0.0
0.9890000000000008,3,False,0.35512157535567784,0,0.0
0.9900000000000007,3,False,0.35512157535567784,0,0.0
0.9910000000000008,3,False,0.35512157535567784,0,0.0
0.9920000000000007,3,False,0.35512157535567784,0,0.0
0.9930000000000008,3,False,0.35512157535567784,0,0.0
0.9940000000000007,3,False,0.35512157535567784,0,0.0
0.9950000000000008,3,False,0.35512157535567784,0,0.0
0.9960000000000007,3,False,0.35512157535567784,0,0.0
0.9970000000000008,3,False,0.35512157535567784,0,0.0
0.9980000000000007,3,False,0.35512157535567784,0,0.0
0.9990000000000008,3,False,0.35512157535567784,0,0.0
1.0000000000000007,3,False,0.35512157535567784,0,0.0
1.0010000000000008,1,False,,0,0.0
1.0020000000000007,1,False,,0,0.0
1.0030000000000008,1,False,,0,0.0
1.0040000000000007,1,False,,0,0.0
1.0050000000000008,1,False,,0,0.0
1.0060000000000007,1,False,,0,0.0
1.0070000000000008,1,False,,0,0.0
1.0080000000000007,1,False,,0,0.0
1.0090000000000008,1,False,,0,0.0
1.0100000000000007,1,False,,0,0.0
1.0110000000000008,1,False,,0,0.0
1.0120000000000007,1,False,,0,0.0
1.0130000000000008,1,False,,0,0.0
1.0140000000000007,1,False,,0,0.0
1.0150000000000008,1,False,,0,0.0
1.0160000000000007,1,False,,0,0.0
1.0170000000000008,1,False,,0,0.0
1.0180000000000007,1,False,,0,0.0
1.0190000000000008,1,False,,0,0.0
1.0200000000000007,1,False,,0,0.0
1.0210000000000008,1,False,,0,0.0
1.0220000000000007,1,False,,0,0.0
1.0230000000000008,1,False,,0,0.0
1.0240000000000007,1,False,,0,0.0
1.0250000000000008,1,False,,0,0.0
1.0260000000000007,1,False,,0,0.0
1.0270000000000008,1,False,,0,0.0
1.0280000000000007,1,False,,0,0.0
1.0290000000000008,1,False,,0,0.0
1.0300000000000007,1,False,,0,0.0
1.0310000000000008,1,False,,0,0.0
1.0320000000000007,1,False,,0,0.0
1.0330000000000008,1,False,,0,0.0
1.0340000000000007,1,False,,0,0.0
1.0350000000000008,1,False,,0,0.0
1.0360000000000007,1,False,,0,0.0
1.0370000000000008,1,False,,0,0.0
1.0380000000000007,1,False,,0,0.0
1.0390000000000008,1,False,,0,0.0
1.0400000000000007,1,False,,0,0.0
1.0410000000000008,1,False,,0,0.0
1.0420000000000007,1,False,,0,0.0
1.0430000000000008,1,False,,0,0.0
1.0440000000000007,1,False,,0,0.0
1.0450000000000008,1,False,,0,0.0
1.0460000000000007,1,False,,0,0.0
1.0470000000000008,1,False,,0,0.0
1.0480000000000007,1,False,,0,0.0
1.0490000000000008,1,False,,0,0.0
1.0500000000000007,1,False,,0,0.0
1.0510000000000008,1,False,,0,0.0
1.0520000000000007,1,False,,0,0.0
1.0530000000000008,1,False,,0,0.0
1.0540000000000007,1,False,,0,0.0
1.0550000000000008,1,False,,0,0.0
1.0560000000000007,1,False,,0,0.0
1.0570000000000008,1,False,,0,0.0
1.0580000000000007,1,False,,0,0.0
1.0590000000000008,1,False,,0,0.0
1.0600000000000007,1,False,,0,0.0
1.0610000000000008,1,False,,0,0.0
1.0620000000000007,1,False,,0,0.0
1.0630000000000008,1,False,,0,0.0
1.0640000000000007,1,False,,0,0.0
1.0650000000000008,1,False,,0,0.0
1.0660000000000007,1,False,,0,0.0
1.0670000000000008,1,False,,0,0.0
1.0680000000000007,1,False,,0,0.0
1.0690000000000008,1,False,,0,0.0
1.0700000000000007,1,False,,0,0.0
1.0710000000000008,1,False,,0,0.0
1.0720000000000007,1,False,,0,0.0
1.0730000000000008,1,False,,0,0.0
1.0740000000000007,1,False,,0,0.0
1.0750000000000008,1,False,,0,0.0
1.0760000000000007,1,False,,0,0.0
1.0770000000000008,1,False,,0,0.0
1.0780000000000007,1,False,,0,0.0
1.0790000000000008,1,False,,0,0.0
1.0800000000000007,1,False,,0,0.0
1.0810000000000008,1,False,,0,0.0
1.0820000000000007,1,False,,0,0.0
1.0830000000000009,1,False,,0,0.0
1.0840000000000007,1,False,,0,0.0
1.0850000000000009,1,False,,0,0.0
1.0860000000000007,1,False,,0,0.0
1.0870000000000009,1,False,,0,0.0
1.0880000000000007,1,False,,0,0.0
1.0890000000000009,1,False,,0,0.0
1.0900000000000007,1,False,,0,0.0
1.0910000000000009,1,False,,0,0.0
1.0920000000000007,1,False,,0,0.0
1.0930000000000009,1,False,,0,0.0
1.0940000000000007,1,False,,0,0.0
1.0950000000000009,1,False,,0,0.0
1.0960000000000008,1,False,,0,0.0
1.0970000000000009,1,False,,0,0.0
1.0980000000000008,1,False,,0,0.0
1.0990000000000009,1,False,,0,0.0
1.1000000000000008,1,False,,0,0.0
1.1010000000000009,1,False,,0,0.0
1.1020000000000008,1,False,,0,0.0
1.1030000000000009,1,False,,0,0.0
1.1040000000000008,1,False,,0,0.0
1.1050000000000009,1,False,,0,0.0
1.1060000000000008,1,False,,0,0.0
1.1070000000000009,1,False,,0,0.0
1.1080000000000008,1,False,,0,0.0
1.1090000000000009,1,False,,0,0.0
1.1100000000000008,1,False,,0,0.0
1.1110000000000009,1,False,,0,0.0
1.1120000000000008,1,False,,0,0.0
1.1130000000000009,1,False,,0,0.0
1.1140000000000008,1,False,,0,0.0
1.1150000000000009,1,False,,0,0.0
1.1160000000000008,1,False,,0,0.0
1.1170000000000009,1,False,,0,0.0
1.1180000000000008,1,False,,0,0.0
1.1190000000000009,1,False,,0,0.0
1.1200000000000008,1,False,,0,0.0
1.1210000000000009,1,False,,0,0.0
1.1220000000000008,1,False,,0,0.0
1.1230000000000009,1,False,,0,0.0
1.1240000000000008,1,False,,0,0.0
1.1250000000000009,1,False,,0,0.0
1.1260000000000008,1,False,,0,0.0
1.127000000000001,1,False,,0,0.0
1.1280000000000008,1,False,,0,0.0
1.129000000000001,1,False,,0,0.0
1.1300000000000008,1,False,,0,0.0
1.131000000000001,1,False,,0,0.0
1.1320000000000008,1,False,,0,0.0
1.133000000000001,1,False,,0,0.0
1.1340000000000008,1,False,,0,0.0
1.135000000000001,1,False,,0,0.0
1.1360000000000008,1,False,,0,0.0
1.137000000000001,1,False,,0,0.0
1.1380000000000008,1,False,,0,0.0
1.139000000000001,1,False,,0,0.0
1.1400000000000008,1,False,,0,0.0
1.141000000000001,1,False,,0,0.0
1.1420000000000008,1,False,,0,0.0
1.143000000000001,1,False,,0,0.0
1.1440000000000008,1,False,,0,0.0
1.145000000000001,1,False,,0,0.0
1.1460000000000008,1,False,,0,0.0
1.147000000000001,1,False,,0,0.0
1.1480000000000008,1,False,,0,0.0
1.149000000000001,1,False,,0,0.0
1.1500000000000008,1,False,,0,0.0
1.151000000000001,1,False,,0,0.0
1.1520000000000008,1,False,,0,0.0
1.153000000000001,1,False,,0,0.0
1.1540000000000008,1,False,,0,0.0
1.155000000000001,1,False,,0,0.0
1.1560000000000008,1,False,,0,0.0
1.157000000000001,1,False,,0,0.0
1.1580000000000008,1,False,,0,0.0
1.159000000000001,1,False,,0,0.0
1.1600000000000008,1,False,,0,0.0
1.161000000000001,1,False,,0,0.0
1.1620000000000008,1,False,,0,0.0
1.163000000000001,1,False,,0,0.0
1.1640000000000008,1,False,,0,0.0
1.165000000000001,1,False,,0,0.0
1.1660000000000008,1,False,,0,0.0
1.167000000000001,1,False,,0,0.0
1.1680000000000008,1,False,,0,0.0
1.169000000000001,1,False,,0,0.0
1.1700000000000008,1,False,,0,0.0
1.171000000000001,1,False,,0,0.0
1.1720000000000008,1,False,,0,0.0
1.173000000000001,1,False,,0,0.0
1.1740000000000008,1,False,,0,0.0
1.175000000000001,1,False,,0,0.0
1.1760000000000008,1,False,,0,0.0
1.177000000000001,1,False,,0,0.0
1.1780000000000008,1,False,,0,0.0
1.179000000000001,1,False,,0,0.0
1.1800000000000008,1,False,,0,0.0
1.181000000000001,1,False,,0,0.0
1.1820000000000008,1,False,,0,0.0
1.183000000000001,1,False,,0,0.0
1.1840000000000008,1,False,,0,0.0
1.185000000000001,1,False,,0,0.0
1.1860000000000008,1,False,,0,0.0
1.187000000000001,1,False,,0,0.0
1.1880000000000008,1,False,,0,0.0
1.189000000000001,1,False,,0,0.0
1.1900000000000008,1,False,,0,0.0
1.191000000000001,1,False,,0,0.0
1.1920000000000008,1,False,,0,0.0
1.193000000000001,1,False,,0,0.0
1.1940000000000008,1,False,,0,0.0
1.195000000000001,1,False,,0,0.0
1.1960000000000008,1,False,,0,0.0
1.197000000000001,1,False,,0,0.0
1.1980000000000008,1,False,,0,0.0
1.199000000000001,1,False,,0,0.0
1.2000000000000008,1,False,,0,0.0
1.2010000000000007,1,False,,0,0.0
1.2020000000000008,1,False,,0,0.0
1.203000000000001,1,False,,0,0.0
1.2040000000000008,1,False,,0,0.0
1.2050000000000007,1,False,,0,0.0
1.2060000000000008,1,False,,0,0.0
1.207000000000001,1,False,,0,0.0
1.2080000000000009,1,False,,0,0.0
1.2090000000000007,1,False,,0,0.0
1.2100000000000009,1,False,,0,0.0
1.211000000000001,1,False,,0,0.0
1.2120000000000009,1,False,,0,0.0
1.2130000000000007,1,False,,0,0.0
1.2140000000000009,1,False,,0,0.0
1.215000000000001,1,False,,0,0.0
1.2160000000000009,1,False,,0,0.0
1.2170000000000007,1,False,,0,0.0
1.2180000000000009,1,False,,0,0.0
1.219000000000001,1,False,,0,0.0
1.2200000000000009,1,False,,0,0.0
1.2210000000000008,1,False,,0,0.0
1.2220000000000009,1,False,,0,0.0
1.223000000000001,1,False,,0,0.0
1.2240000000000009,1,False,,0,0.0
1.2250000000000008,1,False,,0,0.0
1.2260000000000009,1,False,,0,0.0
1.227000000000001,1,False,,0,0.0
1.2280000000000009,1,False,,0,0.0
1.2290000000000008,1,False,,0,0.0
1.2300000000000009,1,False,,0,0.0
1.231000000000001,1,False,,0,0.0
1.2320000000000009,1,False,,0,0.0
1.2330000000000008,1,False,,0,0.0
1.2340000000000009,1,False,,0,0.0
1.235000000000001,1,False,,0,0.0
1.2360000000000009,1,False,,0,0.0
1.2370000000000008,1,False,,0,0.0
1.2380000000000009,1,False,,0,0.0
1.239000000000001,1,False,,0,0.0
1.2400000000000009,1,False,,0,0.0
1.2410000000000008,1,False,,0,0.0
1.2420000000000009,1,False,,0,0.0
1.243000000000001,1,False,,0,0.0
1.2440000000000009,1,False,,0,0.0
1.2450000000000008,1,False,,0,0.0
1.2460000000000009,1,False,,0,0.0
1.247000000000001,1,False,,0,0.0
1.2480000000000009,1,False,,0,0.0
1.2490000000000008,1,False,,0,0.0
1.2500000000000009,1,False,,0,0.0
1.251000000000001,1,False,,0,0.0
1.252000000000001,1,False,,0,0.0
1.2530000000000008,1,False,,0,0.0
1.254000000000001,1,False,,0,0.0
1.255000000000001,1,False,,0,0.0
1.256000000000001,1,False,,0,0.0
1.2570000000000008,1,False,,0,0.0
1.258000000000001,1,False,,0,0.0
1.259000000000001,1,False,,0,0.0
1.260000000000001,1,False,,0,0.0
1.2610000000000008,1,False,,0,0.0
1.262000000000001,1,False,,0,0.0
1.263000000000001,1,False,,0,0.0
1.264000000000001,1,False,,0,0.0
1.2650000000000008,1,False,,0,0.0
1.266000000000001,1,False,,0,0.0
1.267000000000001,1,False,,0,0.0
1.268000000000001,1,False,,0,0.0
1.2690000000000008,1,False,,0,0.0
1.270000000000001,1,False,,0,0.0
1.271000000000001,1,False,,0,0.0
1.272000000000001,1,False,,0,0.0
1.2730000000000008,1,False,,0,0.0
1.274000000000001,1,False,,0,0.0
1.275000000000001,1,False,,0,0.0
1.276000000000001,1,False,,0,0.0
1.2770000000000008,1,False,,0,0.0
1.278000000000001,1,False,,0,0.0
1.279000000000001,1,False,,0,0.0
1.280000000000001,1,False,,0,0.0
1.2810000000000008,1,False,,0,0.0
1.282000000000001,1,False,,0,0.0
1.283000000000001,1,False,,0,0.0
1.284000000000001,1,False,,0,0.0
1.2850000000000008,1,False,,0,0.0
1.286000000000001,1,False,,0,0.0
1.287000000000001,1,False,,0,0.0
1.288000000000001,1,False,,0,0.0
1.2890000000000008,1,False,,0,0.0
1.290000000000001,1,False,,0,0.0
1.291000000000001,1,False,,0,0.0
1.292000000000001,1,False,,0,0.0
1.2930000000000008,1,False,,0,0.0
1.294000000000001,1,False,,0,0.0
1.295000000000001,1,False,,0,0.0
1.296000000000001,1,False,,0,0.0
1.2970000000000008,1,False,,0,0.0
1.298000000000001,1,False,,0,0.0
1.299000000000001,1,False,,0,0.0
1.300000000000001,1,False,,0,0.0
1.3010000000000008,1,False,,0,0.0
1.302000000000001,1,False,,0,0.0
1.303000000000001,1,False,,0,0.0
1.304000000000001,1,False,,0,0.0
1.3050000000000008,1,False,,0,0.0
1.306000000000001,1,False,,0,0.0
1.307000000000001,1,False,,0,0.0
1.308000000000001,1,False,,0,0.0
1.3090000000000008,1,False,,0,0.0
1.310000000000001,1,False,,0,0.0
1.311000000000001,1,False,,0,0.0
1.312000000000001,1,False,,0,0.0
1.3130000000000008,1,False,,0,0.0
1.314000000000001,1,False,,0,0.0
1.315000000000001,1,False,,0,0.0
1.316000000000001,1,False,,0,0.0
1.3170000000000008,1,False,,0,0.0
1.318000000000001,1,False,,0,0.0
1.319000000000001,1,False,,0,0.0
1.320000000000001,1,False,,0,0.0
1.3210000000000008,1,False,,0,0.0
1.322000000000001,1,False,,0,0.0
1.323000000000001,1,False,,0,0.0
1.324000000000001,1,False,,0,0.0
1.3250000000000008,1,False,,0,0.0
1.326000000000001,1,False,,0,0.0
1.327000000000001,1,False,,0,0.0
1.328000000000001,1,False,,0,0.0
1.3290000000000008,1,False,,0,0.0
1.330000000000001,1,False,,0,0.0
1.331000000000001,1,False,,0,0.0
1.332000000000001,1,False,,0,0.0
1.3330000000000009,1,False,,0,0.0
1.334000000000001,1,False,,0,0.0
1.335000000000001,1,False,,0,0.0
1.336000000000001,1,False,,0,0.0
1.3370000000000009,1,False,,0,0.0
1.338000000000001,1,False,,0,0.0
1.339000000000001,1,False,,0,0.0
1.340000000000001,1,False,,0,0.0
1.3410000000000009,1,False,,0,0.0
1.342000000000001,1,False,,0,0.0
1.343000000000001,1,False,,0,0.0
1.344000000000001,1,False,,0,0.0
1.3450000000000009,1,False,,0,0.0
1.346000000000001,1,False,,0,0.0
1.347000000000001,1,False,,0,0.0
1.348000000000001,1,False,,0,0.0
1.3490000000000009,1,False,,0,0.0
1.350000000000001,1,False,,0,0.0
1.351000000000001,1,False,,0,0.0
1.352000000000001,1,False,,0,0.0
1.3530000000000009,1,False,,0,0.0
1.354000000000001,1,False,,0,0.0
1.355000000000001,1,False,,0,0.0
1.356000000000001,1,False,,0,0.0
1.3570000000000009,1,False,,0,0.0
1.358000000000001,1,False,,0,0.0
1.359000000000001,1,False,,0,0.0
1.360000000000001,1,False,,0,0.0
1.3610000000000009,1,False,,0,0.0
1.362000000000001,1,False,,0,0.0
1.363000000000001,1,False,,0,0.0
1.364000000000001,1,False,,0,0.0
1.3650000000000009,1,False,,0,0.0
1.366000000000001,1,False,,0,0.0
1.367000000000001,1,False,,0,0.0
1.368000000000001,1,False,,0,0.0
1.3690000000000009,1,False,,0,0.0
1.370000000000001,1,False,,0,0.0
1.371000000000001,1,False,,0,0.0
1.372000000000001,1,False,,0,0.0
1.3730000000000009,1,False,,0,0.0
1.374000000000001,1,False,,0,0.0
1.375000000000001,1,False,,0,0.0
1.376000000000001,1,False,,0,0.0
1.377000000000001,1,False,,0,0.0
1.378000000000001,1,False,,0,0.0
1.3790000000000011,1,False,,0,0.0
1.380000000000001,1,False,,0,0.0
1.381000000000001,1,False,,0,0.0
1.382000000000001,1,False,,0,0.0
1.3830000000000011,1,False,,0,0.0
1.384000000000001,1,False,,0,0.0
1.385000000000001,1,False,,0,0.0
1.386000000000001,1,False,,0,0.0
1.3870000000000011,1,False,,0,0.0
1.388000000000001,1,False,,0,0.0
1.389000000000001,1,False,,0,0.0
1.390000000000001,1,False,,0,0.0
1.3910000000000011,1,False,,0,0.0
1.392000000000001,1,False,,0,0.0
1.393000000000001,1,False,,0,0.0
1.394000000000001,1,False,,0,0.0
1.3950000000000011,1,False,,0,0.0
1.396000000000001,1,False,,0,0.0
1.397000000000001,1,False,,0,0.0
1.398000000000001,1,False,,0,0.0
1.3990000000000011,1,False,,0,0.0
1.400000000000001,1,False,,0,0.0
1.401000000000001,1,False,,0,0.0
1.402000000000001,1,False,,0,0.0
1.4030000000000011,1,False,,0,0.0
1.404000000000001,1,False,,0,0.0
1.405000000000001,1,False,,0,0.0
1.406000000000001,1,False,,0,0.0
1.4070000000000011,1,False,,0,0.0
1.408000000000001,1,False,,0,0.0
1.409000000000001,1,False,,0,0.0
1.410000000000001,1,False,,0,0.0
1.4110000000000011,1,False,,0,0.0
1.412000000000001,1,False,,0,0.0
1.413000000000001,1,False,,0,0.0
1.414000000000001,1,False,,0,0.0
1.4150000000000011,1,False,,0,0.0
1.416000000000001,1,False,,0,0.0
1.417000000000001,1,False,,0,0.0
1.418000000000001,1,False,,0,0.0
1.4190000000000011,1,False,,0,0.0
1.420000000000001,1,False,,0,0.0
1.421000000000001,1,False,,0,0.0
1.422000000000001,1,False,,0,0.0
1.4230000000000012,1,False,,0,0.0
1.424000000000001,1,False,,0,0.0
1.425000000000001,1,False,,0,0.0
1.426000000000001,1,False,,0,0.0
1.4270000000000012,1,False,,0,0.0
1.428000000000001,1,False,,0,0.0
1.429000000000001,1,False,,0,0.0
1.430000000000001,1,False,,0,0.0
1.4310000000000012,1,False,,0,0.0
1.432000000000001,1,False,,0,0.0
1.433000000000001,1,False,,0,0.0
1.434000000000001,1,False,,0,0.0
1.4350000000000012,1,False,,0,0.0
1.436000000000001,1,False,,0,0.0
1.437000000000001,1,False,,0,0.0
1.438000000000001,1,False,,0,0.0
1.4390000000000012,1,False,,0,0.0
1.440000000000001,1,False,,0,0.0
1.441000000000001,1,False,,0,0.0
1.442000000000001,1,False,,0,0.0
1.4430000000000012,1,False,,0,0.0
1.444000000000001,1,False,,0,0.0
1.445000000000001,1,False,,0,0.0
1.446000000000001,1,False,,0,0.0
1.4470000000000012,1,False,,0,0.0
1.448000000000001,1,False,,0,0.0
1.449000000000001,1,False,,0,0.0
1.450000000000001,1,False,,0,0.0
1.4510000000000012,1,False,,0,0.0
1.452000000000001,1,False,,0,0.0
1.453000000000001,1,False,,0,0.0
1.454000000000001,1,False,,0,0.0
1.4550000000000012,1,False,,0,0.0
1.456000000000001,1,False,,0,0.0
1.457000000000001,1,False,,0,0.0
1.458000000000001,1,False,,0,0.0
1.4590000000000012,1,False,,0,0.0
1.460000000000001,1,False,,0,0.0
1.461000000000001,1,False,,0,0.0
1.462000000000001,1,False,,0,0.0
1.4630000000000012,1,False,,0,0.0
1.464000000000001,1,False,,0,0.0
1.465000000000001,1,False,,0,0.0
1.466000000000001,1,False,,0,0.0
1.4670000000000012,1,False,,0,0.0
1.468000000000001,1,False,,0,0.0
1.469000000000001,1,False,,0,0.0
1.470000000000001,1,False,,0,0.0
1.4710000000000012,1,False,,0,0.0
1.472000000000001,1,False,,0,0.0
1.473000000000001,1,False,,0,0.0
1.474000000000001,1,False,,0,0.0
1.4750000000000012,1,False,,0,0.0
1.476000000000001,1,False,,0,0.0
1.477000000000001,1,False,,0,0.0
1.478000000000001,1,False,,0,0.0
1.4790000000000012,1,False,,0,0.0
1.480000000000001,1,False,,0,0.0
1.481000000000001,1,False,,0,0.0
1.482000000000001,1,False,,0,0.0
1.4830000000000012,1,False,,0,0.0
1.484000000000001,1,False,,0,0.0
1.485000000000001,1,False,,0,0.0
1.486000000000001,1,False,,0,0.0
1.4870000000000012,1,False,,0,0.0
1.488000000000001,1,False,,0,0.0
1.489000000000001,1,False,,0,0.0
1.490000000000001,1,False,,0,0.0
1.4910000000000012,1,False,,0,0.0
1.492000000000001,1,False,,0,0.0
1.493000000000001,1,False,,0,0.0
1.494000000000001,1,False,,0,0.0
1.4950000000000012,1,False,,0,0.0
1.496000000000001,1,False,,0,0.0
1.497000000000001,1,False,,0,0.0
1.498000000000001,1,False,,0,0.0
1.4990000000000012,1,False,,0,0.0
1.500000000000001,1,False,,0,0.0
1.501000000000001,1,False,,0,0.0
1.5020000000000011,1,False,,0,0.0
1.5030000000000012,1,False,,0,0.0
1.5040000000000011,1,False,,0,0.0
1.505000000000001,1,False,,0,0.0
1.5060000000000011,1,False,,0,0.0
1.5070000000000012,1,False,,0,0.0
1.5080000000000011,1,False,,0,0.0
1.509000000000001,1,False,,0,0.0
1.5100000000000011,1,False,,0,0.0
1.5110000000000012,1,False,,0,0.0
1.5120000000000011,1,False,,0,0.0
1.513000000000001,1,False,,0,0.0
1.5140000000000011,1,False,,0,0.0
1.5150000000000012,1,False,,0,0.0
1.5160000000000011,1,False,,0,0.0
1.517000000000001,1,False,,0,0.0
1.5180000000000011,1,False,,0,0.0
1.5190000000000012,1,False,,0,0.0
1.5200000000000011,1,False,,0,0.0
1.521000000000001,1,False,,0,0.0
1.5220000000000011,1,False,,0,0.0
1.5230000000000012,1,False,,0,0.0
1.5240000000000011,1,False,,0,0.0
1.525000000000001,1,False,,0,0.0
1.5260000000000011,1,False,,0,0.0
1.5270000000000012,1,False,,0,0.0
1.5280000000000011,1,False,,0,0.0
1.529000000000001,1,False,,0,0.0
1.5300000000000011,1,False,,0,0.0
1.5310000000000012,1,False,,0,0.0
1.5320000000000011,1,False,,0,0.0
1.533000000000001,1,False,,0,0.0
1.5340000000000011,1,False,,0,0.0
1.5350000000000013,1,False,,0,0.0
1.5360000000000011,1,False,,0,0.0
1.537000000000001,1,False,,0,0.0
1.5380000000000011,1,False,,0,0.0
1.5390000000000013,1,False,,0,0.0
1.5400000000000011,1,False,,0,0.0
1.541000000000001,1,False,,0,0.0
1.5420000000000011,1,False,,0,0.0
1.5430000000000013,1,False,,0,0.0
1.5440000000000011,1,False,,0,0.0
1.545000000000001,1,False,,0,0.0
1.5460000000000012,1,False,,0,0.0
1.5470000000000013,1,False,,0,0.0
1.5480000000000012,1,False,,0,0.0
1.549000000000001,1,False,,0,0.0
1.5500000000000012,1,False,,0,0.0
1.5510000000000013,1,False,,0,0.0
1.5520000000000012,1,False,,0,0.0
1.553000000000001,1,False,,0,0.0
1.5540000000000012,1,False,,0,0.0
1.5550000000000013,1,False,,0,0.0
1.5560000000000012,1,False,,0,0.0
1.557000000000001,1,False,,0,0.0
1.5580000000000012,1,False,,0,0.0
1.5590000000000013,1,False,,0,0.0
1.5600000000000012,1,False,,0,0.0
1.561000000000001,1,False,,0,0.0
1.5620000000000012,1,False,,0,0.0
1.5630000000000013,1,False,,0,0.0
1.5640000000000012,1,False,,0,0.0
1.565000000000001,1,False,,0,0.0
1.5660000000000012,1,False,,0,0.0
1.5670000000000013,1,False,,0,0.0
1.5680000000000012,1,False,,0,0.0
1.569000000000001,1,False,,0,0.0
1.5700000000000012,1,False,,0,0.0
1.5710000000000013,1,False,,0,0.0
1.5720000000000012,1,False,,0,0.0
1.573000000000001,1,False,,0,0.0
1.5740000000000012,1,False,,0,0.0
1.5750000000000013,1,False,,0,0.0
1.5760000000000012,1,False,,0,0.0
1.577000000000001,1,False,,0,0.0
1.5780000000000012,1,False,,0,0.0
1.5790000000000013,1,False,,0,0.0
1.5800000000000012,1,False,,0,0.0
1.581000000000001,1,False,,0,0.0
1.5820000000000012,1,False,,0,0.0
1.5830000000000013,1,False,,0,0.0
1.5840000000000012,1,False,,0,0.0
1.585000000000001,1,False,,0,0.0
1.5860000000000012,1,False,,0,0.0
1.5870000000000013,1,False,,0,0.0
1.5880000000000012,1,False,,0,0.0
1.589000000000001,1,False,,0,0.0
1.5900000000000012,1,False,,0,0.0
1.5910000000000013,1,False,,0,0.0
1.5920000000000012,1,False,,0,0.0
1.593000000000001,1,False,,0,0.0
1.5940000000000012,1,False,,0,0.0
1.5950000000000013,1,False,,0,0.0
1.5960000000000012,1,False,,0,0.0
1.597000000000001,1,False,,0,0.0
1.5980000000000012,1,False,,0,0.0
1.5990000000000013,1,False,,0,0.0
1.6000000000000012,1,False,,0,0.0
1.601000000000001,1,False,,0,0.0
1.6020000000000012,1,False,,0,0.0
1.6030000000000013,1,False,,0,0.0
1.6040000000000012,1,False,,0,0.0
1.605000000000001,1,False,,0,0.0
1.6060000000000012,1,False,,0,0.0
1.6070000000000013,1,False,,0,0.0
1.6080000000000012,1,False,,0,0.0
1.609000000000001,1,False,,0,0.0
1.6100000000000012,1,False,,0,0.0
1.6110000000000013,1,False,,0,0.0
1.6120000000000012,1,False,,0,0.0
1.613000000000001,1,False,,0,0.0
1.6140000000000012,1,False,,0,0.0
1.6150000000000013,1,False,,0,0.0
1.6160000000000012,1,False,,0,0.0
1.617000000000001,1,False,,0,0.0
1.6180000000000012,1,False,,0,0.0
1.6190000000000013,1,False,,0,0.0
1.6200000000000012,1,False,,0,0.0
1.621000000000001,1,False,,0,0.0
1.6220000000000012,1,False,,0,0.0
1.6230000000000013,1,False,,0,0.0
1.6240000000000012,1,False,,0,0.0
1.625000000000001,1,False,,0,0.0
1.6260000000000012,1,False,,0,0.0
1.6270000000000013,1,False,,0,0.0
1.6280000000000012,1,False,,0,0.0
1.6290000000000011,1,False,,0,0.0
1.6300000000000012,1,False,,0,0.0
1.6310000000000013,1,False,,0,0.0
1.6320000000000012,1,False,,0,0.0
1.6330000000000011,1,False,,0,0.0
1.6340000000000012,1,False,,0,0.0
1.6350000000000013,1,False,,0,0.0
1.6360000000000012,1,False,,0,0.0
1.6370000000000011,1,False,,0,0.0
1.6380000000000012,1,False,,0,0.0
1.6390000000000013,1,False,,0,0.0
1.6400000000000012,1,False,,0,0.0
1.6410000000000011,1,False,,0,0.0
1.6420000000000012,1,False,,0,0.0
1.6430000000000013,1,False,,0,0.0
1.6440000000000012,1,False,,0,0.0
1.6450000000000011,1,False,,0,0.0
1.6460000000000012,1,False,,0,0.0
1.6470000000000014,1,False,,0,0.0
1.6480000000000012,1,False,,0,0.0
1.6490000000000011,1,False,,0,0.0
1.6500000000000012,1,False,,0,0.0
1.6510000000000014,1,False,,0,0.0
1.6520000000000012,1,False,,0,0.0
1.6530000000000011,1,False,,0,0.0
1.6540000000000012,1,False,,0,0.0
1.6550000000000014,1,False,,0,0.0
1.6560000000000012,1,False,,0,0.0
1.6570000000000011,1,False,,0,0.0
1.6580000000000013,1,False,,0,0.0
1.6590000000000014,1,False,,0,0.0
1.6600000000000013,1,False,,0,0.0
1.6610000000000011,1,False,,0,0.0
1.6620000000000013,1,False,,0,0.0
1.6630000000000014,1,False,,0,0.0
1.6640000000000013,1,False,,0,0.0
1.6650000000000011,1,False,,0,0.0
1.6660000000000013,1,False,,0,0.0
1.6670000000000014,1,False,,0,0.0
1.6680000000000013,1,False,,0,0.0
1.6690000000000011,1,False,,0,0.0
1.6700000000000013,1,False,,0,0.0
1.6710000000000014,1,False,,0,0.0
1.6720000000000013,1,False,,0,0.0
1.6730000000000012,1,False,,0,0.0
1.6740000000000013,1,False,,0,0.0
1.6750000000000014,1,False,,0,0.0
1.6760000000000013,1,False,,0,0.0
1.6770000000000012,1,False,,0,0.0
1.6780000000000013,1,False,,0,0.0
1.6790000000000014,1,False,,0,0.0
1.6800000000000013,1,False,,0,0.0
1.6810000000000012,1,False,,0,0.0
1.6820000000000013,1,False,,0,0.0
1.6830000000000014,1,False,,0,0.0
1.6840000000000013,1,False,,0,0.0
1.6850000000000012,1,False,,0,0.0
1.6860000000000013,1,False,,0,0.0
1.6870000000000014,1,False,,0,0.0
1.6880000000000013,1,False,,0,0.0
1.6890000000000012,1,False,,0,0.0
1.6900000000000013,1,False,,0,0.0
1.6910000000000014,1,False,,0,0.0
1.6920000000000013,1,False,,0,0.0
1.6930000000000012,1,False,,0,0.0
1.6940000000000013,1,False,,0,0.0
1.6950000000000014,1,False,,0,0.0
1.6960000000000013,1,False,,0,0.0
1.6970000000000012,1,False,,0,0.0
1.6980000000000013,1,False,,0,0.0
1.6990000000000014,1,False,,0,0.0
1.7000000000000013,1,False,,0,0.0
1.7010000000000012,1,False,,0,0.0
1.7020000000000013,1,False,,0,0.0
1.7030000000000014,1,False,,0,0.0
1.7040000000000013,1,False,,0,0.0
1.7050000000000012,1,False,,0,0.0
1.7060000000000013,1,False,,0,0.0
1.7070000000000014,1,False,,0,0.0
1.7080000000000013,1,False,,0,0.0
1.7090000000000012,1,False,,0,0.0
1.7100000000000013,1,False,,0,0.0
1.7110000000000014,1,False,,0,0.0
1.7120000000000013,1,False,,0,0.0
1.7130000000000012,1,False,,0,0.0
1.7140000000000013,1,False,,0,0.0
1.7150000000000014,1,False,,0,0.0
1.7160000000000013,1,False,,0,0.0
1.7170000000000012,1,False,,0,0.0
1.7180000000000013,1,False,,0,0.0
1.7190000000000014,1,False,,0,0.0
1.7200000000000013,1,False,,0,0.0
1.7210000000000012,1,False,,0,0.0
1.7220000000000013,1,False,,0,0.0
1.7230000000000014,1,False,,0,0.0
1.7240000000000013,1,False,,0,0.0
1.7250000000000012,1,False,,0,0.0
1.7260000000000013,1,False,,0,0.0
1.7270000000000014,1,False,,0,0.0
1.7280000000000013,1,False,,0,0.0
1.7290000000000012,1,False,,0,0.0
1.7300000000000013,1,False,,0,0.0
1.7310000000000014,1,False,,0,0.0
1.7320000000000013,1,False,,0,0.0
1.7330000000000012,1,False,,0,0.0
1.7340000000000013,1,False,,0,0.0
1.7350000000000014,1,False,,0,0.0
1.7360000000000013,1,False,,0,0.0
1.7370000000000012,1,False,,0,0.0
1.7380000000000013,1,False,,0,0.0
1.7390000000000014,1,False,,0,0.0
1.7400000000000013,1,False,,0,0.0
1.7410000000000012,1,False,,0,0.0
1.7420000000000013,1,False,,0,0.0
1.7430000000000014,1,False,,0,0.0
1.7440000000000013,1,False,,0,0.0
1.7450000000000012,1,False,,0,0.0
1.7460000000000013,1,False,,0,0.0
1.7470000000000014,1,False,,0,0.0
1.7480000000000013,1,False,,0,0.0
1.7490000000000012,1,False,,0,0.0
1.7500000000000013,1,False,,0,0.0
1.7510000000000014,1,False,,0,0.0
1.7520000000000013,1,False,,0,0.0
1.7530000000000012,1,False,,0,0.0
1.7540000000000013,1,False,,0,0.0
1.7550000000000014,1,False,,0,0.0
1.7560000000000013,1,False,,0,0.0
1.7570000000000012,1,False,,0,0.0
1.7580000000000013,1,False,,0,0.0
1.7590000000000015,1,False,,0,0.0
1.7600000000000013,1,False,,0,0.0
1.7610000000000012,1,False,,0,0.0
1.7620000000000013,1,False,,0,0.0
1.7630000000000015,1,False,,0,0.0
1.7640000000000013,1,False,,0,0.0
1.7650000000000012,1,False,,0,0.0
1.7660000000000013,1,False,,0,0.0
1.7670000000000015,1,False,,0,0.0
1.7680000000000013,1,False,,0,0.0
1.7690000000000012,1,False,,0,0.0
1.7700000000000014,1,False,,0,0.0
1.7710000000000015,1,False,,0,0.0
1.7720000000000014,1,False,,0,0.0
1.7730000000000012,1,False,,0,0.0
1.7740000000000014,1,False,,0,0.0
1.7750000000000015,1,False,,0,0.0
1.7760000000000014,1,False,,0,0.0
1.7770000000000012,1,False,,0,0.0
1.7780000000000014,1,False,,0,0.0
1.7790000000000015,1,False,,0,0.0
1.7800000000000014,1,False,,0,0.0
1.7810000000000012,1,False,,0,0.0
1.7820000000000014,1,False,,0,0.0
1.7830000000000015,1,False,,0,0.0
1.7840000000000014,1,False,,0,0.0
1.7850000000000013,1,False,,0,0.0
1.7860000000000014,1,False,,0,0.0
1.7870000000000015,1,False,,0,0.0
1.7880000000000014,1,False,,0,0.0
1.7890000000000013,1,False,,0,0.0
1.7900000000000014,1,False,,0,0.0
1.7910000000000015,1,False,,0,0.0
1.7920000000000014,1,False,,0,0.0
1.7930000000000013,1,False,,0,0.0
1.7940000000000014,1,False,,0,0.0
1.7950000000000015,1,False,,0,0.0
1.7960000000000014,1,False,,0,0.0
1.7970000000000013,1,False,,0,0.0
1.7980000000000014,1,False,,0,0.0
1.7990000000000015,1,False,,0,0.0
1.8000000000000014,1,False,,0,0.0
1.8010000000000013,1,False,,0,0.0
1.8020000000000014,1,False,,0,0.0
1.8030000000000015,1,False,,0,0.0
1.8040000000000014,1,False,,0,0.0
1.8050000000000013,1,False,,0,0.0
1.8060000000000014,1,False,,0,0.0
1.8070000000000015,1,False,,0,0.0
1.8080000000000014,1,False,,0,0.0
1.8090000000000013,1,False,,0,0.0
1.8100000000000014,1,False,,0,0.0
1.8110000000000015,1,False,,0,0.0
1.8120000000000014,1,False,,0,0.0
1.8130000000000013,1,False,,0,0.0
1.8140000000000014,1,False,,0,0.0
1.8150000000000015,1,False,,0,0.0
1.8160000000000014,1,False,,0,0.0
1.8170000000000013,1,False,,0,0.0
1.8180000000000014,1,False,,0,0.0
1.8190000000000015,1,False,,0,0.0
1.8200000000000014,1,False,,0,0.0
1.8210000000000013,1,False,,0,0.0
1.8220000000000014,1,False,,0,0.0
1.8230000000000015,1,False,,0,0.0
1.8240000000000014,1,False,,0,0.0
1.8250000000000013,1,False,,0,0.0
1.8260000000000014,1,False,,0,0.0
1.8270000000000015,1,False,,0,0.0
1.8280000000000014,1,False,,0,0.0
1.8290000000000013,1,False,,0,0.0
1.8300000000000014,1,False,,0,0.0
1.8310000000000015,1,False,,0,0.0
1.8320000000000014,1,False,,0,0.0
1.8330000000000013,1,False,,0,0.0
1.8340000000000014,1,False,,0,0.0
1.8350000000000015,1,False,,0,0.0
1.8360000000000014,1,False,,0,0.0
1.8370000000000013,1,False,,0,0.0
1.8380000000000014,1,False,,0,0.0
1.8390000000000015,1,False,,0,0.0
1.8400000000000014,1,False,,0,0.0
1.8410000000000013,1,False,,0,0.0
1.8420000000000014,1,False,,0,0.0
1.8430000000000015,1,False,,0,0.0
1.8440000000000014,1,False,,0,0.0
1.8450000000000013,1,False,,0,0.0
1.8460000000000014,1,False,,0,0.0
1.8470000000000015,1,False,,0,0.0
1.8480000000000014,1,False,,0,0.0
1.8490000000000013,1,False,,0,0.0
1.8500000000000014,1,False,,0,0.0
1.8510000000000015,1,False,,0,0.0
1.8520000000000014,1,False,,0,0.0
1.8530000000000013,1,False,,0,0.0
1.8540000000000014,1,False,,0,0.0
1.8550000000000015,1,False,,0,0.0
1.8560000000000014,1,False,,0,0.0
1.8570000000000013,1,False,,0,0.0
1.8580000000000014,1,False,,0,0.0
1.8590000000000015,1,False,,0,0.0
1.8600000000000014,1,False,,0,0.0
1.8610000000000013,1,False,,0,0.0
1.8620000000000014,1,False,,0,0.0
1.8630000000000015,1,False,,0,0.0
1.8640000000000014,1,False,,0,0.0
1.8650000000000013,1,False,,0,0.0
1.8660000000000014,1,False,,0,0.0
1.8670000000000015,1,False,,0,0.0
1.8680000000000014,1,False,,0,0.0
1.8690000000000013,1,False,,0,0.0
1.8700000000000014,1,False,,0,0.0
1.8710000000000016,1,False,,0,0.0
1.8720000000000014,1,False,,0,0.0
1.8730000000000013,1,False,,0,0.0
1.8740000000000014,1,False,,0,0.0
1.8750000000000016,1,False,,0,0.0
1.8760000000000014,1,False,,0,0.0
1.8770000000000013,1,False,,0,0.0
1.8780000000000014,1,False,,0,0.0
1.8790000000000016,1,False,,0,0.0
1.8800000000000014,1,False,,0,0.0
1.8810000000000013,1,False,,0,0.0
1.8820000000000014,1,False,,0,0.0
1.8830000000000016,1,False,,0,0.0
1.8840000000000015,1,False,,0,0.0
1.8850000000000013,1,False,,0,0.0
1.8860000000000015,1,False,,0,0.0
1.8870000000000016,1,False,,0,0.0
1.8880000000000015,1,False,,0,0.0
1.8890000000000013,1,False,,0,0.0
1.8900000000000015,1,False,,0,0.0
1.8910000000000016,1,False,,0,0.0
1.8920000000000015,1,False,,0,0.0
1.8930000000000013,1,False,,0,0.0
1.8940000000000015,1,False,,0,0.0
1.8950000000000016,1,False,,0,0.0
1.8960000000000015,1,False,,0,0.0
1.8970000000000014,1,False,,0,0.0
1.8980000000000015,1,False,,0,0.0
1.8990000000000016,1,False,,0,0.0
1.9000000000000015,1,False,,0,0.0
1.9010000000000014,1,False,,0,0.0
1.9020000000000015,1,False,,0,0.0
1.9030000000000016,1,False,,0,0.0
1.9040000000000015,1,False,,0,0.0
1.9050000000000014,1,False,,0,0.0
1.9060000000000015,1,False,,0,0.0
1.9070000000000016,1,False,,0,0.0
1.9080000000000015,1,False,,0,0.0
1.9090000000000014,1,False,,0,0.0
1.9100000000000015,1,False,,0,0.0
1.9110000000000016,1,False,,0,0.0
1.9120000000000015,1,False,,0,0.0
1.9130000000000014,1,False,,0,0.0
1.9140000000000015,1,False,,0,0.0
1.9150000000000016,1,False,,0,0.0
1.9160000000000015,1,False,,0,0.0
1.9170000000000014,1,False,,0,0.0
1.9180000000000015,1,False,,0,0.0
1.9190000000000016,1,False,,0,0.0
1.9200000000000015,1,False,,0,0.0
1.9210000000000014,1,False,,0,0.0
1.9220000000000015,1,False,,0,0.0
1.9230000000000016,1,False,,0,0.0
1.9240000000000015,1,False,,0,0.0
1.9250000000000014,1,False,,0,0.0
1.9260000000000015,1,False,,0,0.0
1.9270000000000016,1,False,,0,0.0
1.9280000000000015,1,False,,0,0.0
1.9290000000000014,1,False,,0,0.0
1.9300000000000015,1,False,,0,0.0
1.9310000000000016,1,False,,0,0.0
1.9320000000000015,1,False,,0,0.0
1.9330000000000014,1,False,,0,0.0
1.9340000000000015,1,False,,0,0.0
1.9350000000000016,1,False,,0,0.0
1.9360000000000015,1,False,,0,0.0
1.9370000000000014,1,False,,0,0.0
1.9380000000000015,1,False,,0,0.0
1.9390000000000016,1,False,,0,0.0
1.9400000000000015,1,False,,0,0.0
1.9410000000000014,1,False,,0,0.0
1.9420000000000015,1,False,,0,0.0
1.9430000000000016,1,False,,0,0.0
1.9440000000000015,1,False,,0,0.0
1.9450000000000014,1,False,,0,0.0
1.9460000000000015,1,False,,0,0.0
1.9470000000000016,1,False,,0,0.0
1.9480000000000015,1,False,,0,0.0
1.9490000000000014,1,False,,0,0.0
1.9500000000000015,1,False,,0,0.0
1.9510000000000016,1,False,,0,0.0
1.9520000000000015,1,False,,0,0.0
1.9530000000000014,1,False,,0,0.0
1.9540000000000015,1,False,,0,0.0
1.9550000000000016,1,False,,0,0.0
1.9560000000000015,1,False,,0,0.0
1.9570000000000014,1,False,,0,0.0
1.9580000000000015,1,False,,0,0.0
1.9590000000000016,1,False,,0,0.0
1.9600000000000015,1,False,,0,0.0
1.9610000000000014,1,False,,0,0.0
1.9620000000000015,1,False,,0,0.0
1.9630000000000016,1,False,,0,0.0
1.9640000000000015,1,False,,0,0.0
1.9650000000000014,1,False,,0,0.0
1.9660000000000015,1,False,,0,0.0
1.9670000000000016,1,False,,0,0.0
1.9680000000000015,1,False,,0,0.0
1.9690000000000014,1,False,,0,0.0
1.9700000000000015,1,False,,0,0.0
1.9710000000000016,1,False,,0,0.0
1.9720000000000015,1,False,,0,0.0
1.9730000000000014,1,False,,0,0.0
1.9740000000000015,1,False,,0,0.0
1.9750000000000016,1,False,,0,0.0
1.9760000000000015,1,False,,0,0.0
1.9770000000000014,1,False,,0,0.0
1.9780000000000015,1,False,,0,0.0
1.9790000000000016,1,False,,0,0.0
1.9800000000000015,1,False,,0,0.0
1.9810000000000014,1,False,,0,0.0
1.9820000000000015,1,False,,0,0.0
1.9830000000000017,1,False,,0,0.0
1.9840000000000015,1,False,,0,0.0
1.9850000000000014,1,False,,0,0.0
1.9860000000000015,1,False,,0,0.0
1.9870000000000017,1,False,,0,0.0
1.9880000000000015,1,False,,0,0.0
1.9890000000000014,1,False,,0,0.0
1.9900000000000015,1,False,,0,0.0
1.9910000000000017,1,False,,0,0.0
1.9920000000000015,1,False,,0,0.0
1.9930000000000014,1,False,,0,0.0
1.9940000000000015,1,False,,0,0.0
1.9950000000000017,1,False,,0,0.0
1.9960000000000016,1,False,,0,0.0
1.9970000000000014,1,False,,0,0.0
1.9980000000000016,1,False,,0,0.0
1.9990000000000017,1,False,,0,0.0
